Day,DESTINATION_AIRPORT,cancellCount,delaySum,SumCount,delayCount,avgDelay,LATITUDE,LONGITUDE,Rain,Fog,Snow
1,AUS,1,,1,0,0,30.19453,-97.66987,,,
1,BNA,0,35,2,2,17.5,36.12448,-86.67818,,,
1,BOS,0,88,2,2,44,42.36435,-71.00518,,,
1,BUF,0,93,2,2,46.5,42.94052,-78.73217,,,
1,CHO,0,104,1,1,104,38.13864,-78.45286,,,
1,CHS,0,30,1,1,30,32.89865,-80.04051,,,
1,CVG,0,27,1,1,27,39.04614,-84.66217,,,
1,DEN,0,45,2,2,22.5,39.85841,-104.667,,,
1,DFW,1,181,5,4,36.2,32.89595,-97.0372,,,
1,DTW,0,31,1,1,31,42.21206,-83.34884,,,
1,FLL,0,132,3,3,44,26.07258,-80.15275,,,
1,IAD,0,27,1,1,27,38.94453,-77.45581,,,
1,IAH,0,70,3,3,23.33333333,29.98047,-95.33972,,,
1,LAS,0,67,2,2,33.5,36.08036,-115.15233,,,
1,LAX,0,226,6,6,37.66666667,33.94254,-118.40807,,,
1,MCO,0,339,8,8,42.375,28.42889,-81.31603,,,
1,MDW,0,19,1,1,19,41.78598,-87.75242,,,
1,MIA,0,119,2,2,59.5,25.79325,-80.29056,,,
1,MKE,0,46,2,2,23,42.94722,-87.89658,,,
1,MSP,0,45,2,2,22.5,44.88055,-93.21692,,,
1,ORD,0,154,3,3,51.33333333,41.9796,-87.90446,,,
1,PBI,0,26,1,1,26,26.68316,-80.09559,,,
1,PDX,0,26,1,1,26,45.58872,-122.5975,,,
1,PHX,0,139,5,5,27.8,33.43417,-112.00806,,,
1,RSW,0,33,2,2,16.5,26.53617,-81.75517,,,
1,SAN,0,68,2,2,34,32.73356,-117.18966,,,
1,SAV,0,100,1,1,100,32.12758,-81.20214,,,
1,SDF,0,33,1,1,33,38.17439,-85.736,,,
1,SEA,0,81,2,2,40.5,47.44898,-122.30931,,,
1,SFO,0,90,2,2,45,37.619,-122.37484,,,
1,SLC,0,55,2,2,27.5,40.78839,-111.97777,,,
1,SRQ,0,19,1,1,19,27.39533,-82.55411,,,
1,SYR,0,24,1,1,24,43.11119,-76.10631,,,
1,TPA,0,100,2,2,50,27.97547,-82.53325,,,
2,AUS,0,44,1,1,44,30.19453,-97.66987,,,
2,BNA,0,75,2,2,37.5,36.12448,-86.67818,,,
2,BOS,0,162,2,2,81,42.36435,-71.00518,,,
2,ABQ,0,16,1,1,16,35.04022,-106.60919,,,
2,BUF,0,51,1,1,51,42.94052,-78.73217,,,
2,DEN,0,112,3,3,37.33333333,39.85841,-104.667,,,
2,DFW,0,120,2,2,60,32.89595,-97.0372,,,
2,DTW,0,38,2,2,19,42.21206,-83.34884,,,
2,FLL,0,75,3,3,25,26.07258,-80.15275,,,
2,IAH,0,73,2,2,36.5,29.98047,-95.33972,,,
2,LAS,0,34,1,1,34,36.08036,-115.15233,,,
2,LAX,0,679,15,15,45.26666667,33.94254,-118.40807,,,
2,MCO,0,468,6,6,78,28.42889,-81.31603,,,
2,MDW,0,19,1,1,19,41.78598,-87.75242,,,
2,MIA,0,122,3,3,40.66666667,25.79325,-80.29056,,,
2,MKE,0,37,2,2,18.5,42.94722,-87.89658,,,
2,MSP,0,166,2,2,83,44.88055,-93.21692,,,
2,ORD,0,23,1,1,23,41.9796,-87.90446,,,
2,ATL,0,156,5,5,31.2,33.64044,-84.42694,,,
2,PBI,0,18,1,1,18,26.68316,-80.09559,,,
2,PDX,0,41,2,2,20.5,45.58872,-122.5975,,,
2,PHX,0,83,2,2,41.5,33.43417,-112.00806,,,
2,RSW,0,64,2,2,32,26.53617,-81.75517,,,
2,SAN,0,42,2,2,21,32.73356,-117.18966,,,
2,SAV,0,37,1,1,37,32.12758,-81.20214,,,
2,SDF,0,16,1,1,16,38.17439,-85.736,,,
2,SEA,0,176,5,5,35.2,47.44898,-122.30931,,,
2,SFO,0,191,7,7,27.28571429,37.619,-122.37484,,,
2,SLC,0,18,1,1,18,40.78839,-111.97777,,,
2,TPA,0,66,3,3,22,27.97547,-82.53325,,,
2,BUR,0,22,1,1,22,34.20062,-118.3585,,,
2,CAK,0,65,1,1,65,40.91631,-81.44247,,,
2,CLE,0,37,2,2,18.5,41.41089,-81.8494,,,
2,CLT,0,94,2,2,47,35.21401,-80.94313,,,
2,CMH,0,42,1,1,42,39.99799,-82.89188,,,
2,DAL,0,21,1,1,21,32.84711,-96.85177,,,
2,DCA,0,95,3,3,31.66666667,38.85208,-77.03772,,,
2,GSO,0,53,1,1,53,36.09775,-79.9373,,,
2,HNL,0,39,1,1,39,21.31869,-157.92241,,,
2,IND,0,23,1,1,23,39.71733,-86.29438,,,
2,LEX,0,16,1,1,16,38.03697,-84.60539,,,
2,LIT,0,35,1,1,35,34.7294,-92.22425,,,
2,MSY,0,20,1,1,20,29.99339,-90.25803,,,
2,OAK,0,39,1,1,39,37.72129,-122.22072,,,
2,ORF,0,47,1,1,47,36.89461,-76.20122,,,
2,RDU,0,44,2,2,22,35.87764,-78.78747,,,
3,AUS,0,912,2,2,456,30.19453,-97.66987,1,,1
3,BNA,0,345,5,5,69,36.12448,-86.67818,1,,1
3,BOS,0,741,8,8,92.625,42.36435,-71.00518,1,,1
3,BUF,0,109,2,2,54.5,42.94052,-78.73217,1,,1
3,CHO,0,52,1,1,52,38.13864,-78.45286,1,,1
3,CHS,0,108,2,2,54,32.89865,-80.04051,1,,1
3,CVG,0,189,1,1,189,39.04614,-84.66217,1,,1
3,DEN,0,486,8,8,60.75,39.85841,-104.667,1,,1
3,DFW,0,188,4,4,47,32.89595,-97.0372,1,,1
3,DTW,0,96,3,3,32,42.21206,-83.34884,1,,1
3,FLL,0,677,18,18,37.61111111,26.07258,-80.15275,1,,1
3,IAD,1,73,2,1,36.5,38.94453,-77.45581,1,,1
3,IAH,1,133,4,3,33.25,29.98047,-95.33972,1,,1
3,LAS,0,999,4,4,249.75,36.08036,-115.15233,1,,1
3,LAX,0,512,11,11,46.54545455,33.94254,-118.40807,1,,1
3,MCO,0,527,11,11,47.90909091,28.42889,-81.31603,1,,1
3,MDW,0,162,3,3,54,41.78598,-87.75242,1,,1
3,MIA,0,769,12,12,64.08333333,25.79325,-80.29056,1,,1
3,MKE,0,120,3,3,40,42.94722,-87.89658,1,,1
3,MSP,0,55,2,2,27.5,44.88055,-93.21692,1,,1
3,ORD,1,645,13,12,49.61538462,41.9796,-87.90446,1,,1
3,ATL,0,534,13,13,41.07692308,33.64044,-84.42694,1,,1
3,PBI,0,641,9,9,71.22222222,26.68316,-80.09559,1,,1
3,PDX,0,258,3,3,86,45.58872,-122.5975,1,,1
3,PHX,0,262,4,4,65.5,33.43417,-112.00806,1,,1
3,RSW,0,250,3,3,83.33333333,26.53617,-81.75517,1,,1
3,SAN,0,65,2,2,32.5,32.73356,-117.18966,1,,1
3,SAV,0,23,1,1,23,32.12758,-81.20214,1,,1
3,SDF,0,38,1,1,38,38.17439,-85.736,1,,1
3,SEA,0,228,4,4,57,47.44898,-122.30931,1,,1
3,SFO,0,297,10,10,29.7,37.619,-122.37484,1,,1
3,SLC,0,178,2,2,89,40.78839,-111.97777,1,,1
3,BHM,0,83,1,1,83,33.56294,-86.75355,1,,1
3,SYR,0,122,1,1,122,43.11119,-76.10631,1,,1
3,TPA,0,315,6,6,52.5,27.97547,-82.53325,1,,1
3,BUR,0,117,1,1,117,34.20062,-118.3585,1,,1
3,CAK,0,39,1,1,39,40.91631,-81.44247,1,,1
3,CLE,0,114,2,2,57,41.41089,-81.8494,1,,1
3,CLT,0,518,10,10,51.8,35.21401,-80.94313,1,,1
3,CMH,0,192,4,4,48,39.99799,-82.89188,1,,1
3,DAL,0,31,1,1,31,32.84711,-96.85177,1,,1
3,DCA,0,237,5,5,47.4,38.85208,-77.03772,1,,1
3,BTV,0,167,2,2,83.5,44.473,-73.15031,1,,1
3,GSO,0,203,2,2,101.5,36.09775,-79.9373,1,,1
3,BWI,0,55,1,1,55,39.1754,-76.6682,1,,1
3,HNL,0,34,1,1,34,21.31869,-157.92241,1,,1
3,LIT,0,32,1,1,32,34.7294,-92.22425,1,,1
3,MSY,0,179,2,2,89.5,29.99339,-90.25803,1,,1
3,OAK,0,21,1,1,21,37.72129,-122.22072,1,,1
3,ORF,0,48,1,1,48,36.89461,-76.20122,1,,1
3,RDU,2,137,5,3,27.4,35.87764,-78.78747,1,,1
3,DAY,0,35,1,1,35,39.90238,-84.21938,1,,1
3,EGE,0,49,1,1,49,39.64257,-106.9177,1,,1
3,EYW,0,33,1,1,33,24.55611,-81.75956,1,,1
3,GSP,0,32,1,1,32,34.89567,-82.21886,1,,1
3,HOU,0,247,4,4,61.75,29.64542,-95.27889,1,,1
3,JAX,0,40,2,2,20,30.49406,-81.68786,1,,1
3,LGB,0,21,1,1,21,33.81772,-118.15161,1,,1
3,ROC,0,133,2,2,66.5,43.11887,-77.67238,1,,1
3,SJC,0,42,1,1,42,37.36186,-121.92901,1,,1
3,SMF,0,27,1,1,27,38.69542,-121.59077,1,,1
3,STL,0,145,3,3,48.33333333,38.74769,-90.35999,1,,1
4,AUS,0,376,4,4,94,30.19453,-97.66987,1,,
4,BNA,1,432,7,6,61.71428571,36.12448,-86.67818,1,,
4,BOS,0,822,12,12,68.5,42.36435,-71.00518,1,,
4,ABQ,0,45,1,1,45,35.04022,-106.60919,1,,
4,BUF,0,659,4,4,164.75,42.94052,-78.73217,1,,
4,CHS,0,94,1,1,94,32.89865,-80.04051,1,,
4,CVG,0,203,1,1,203,39.04614,-84.66217,1,,
4,DEN,0,483,4,4,120.75,39.85841,-104.667,1,,
4,DFW,0,737,12,12,61.41666667,32.89595,-97.0372,1,,
4,DTW,0,362,6,6,60.33333333,42.21206,-83.34884,1,,
4,FLL,0,1794,26,26,69,26.07258,-80.15275,1,,
4,IAD,0,614,6,6,102.3333333,38.94453,-77.45581,1,,
4,LAS,0,1122,6,6,187,36.08036,-115.15233,1,,
4,LAX,0,1242,17,17,73.05882353,33.94254,-118.40807,1,,
4,MCO,0,1234,18,18,68.55555556,28.42889,-81.31603,1,,
4,MDW,0,326,4,4,81.5,41.78598,-87.75242,1,,
4,MIA,0,1658,25,25,66.32,25.79325,-80.29056,1,,
4,MKE,0,88,3,3,29.33333333,42.94722,-87.89658,1,,
4,MSP,0,53,1,1,53,44.88055,-93.21692,1,,
4,ORD,1,1042,17,16,61.29411765,41.9796,-87.90446,1,,
4,ATL,0,773,11,11,70.27272727,33.64044,-84.42694,1,,
4,PBI,0,819,12,12,68.25,26.68316,-80.09559,1,,
4,PDX,0,209,2,2,104.5,45.58872,-122.5975,1,,
4,PHX,0,632,7,7,90.28571429,33.43417,-112.00806,1,,
4,RSW,0,710,9,9,78.88888889,26.53617,-81.75517,1,,
4,SAN,0,142,1,1,142,32.73356,-117.18966,1,,
4,SAV,0,64,1,1,64,32.12758,-81.20214,1,,
4,SDF,0,77,2,2,38.5,38.17439,-85.736,1,,
4,SEA,0,267,3,3,89,47.44898,-122.30931,1,,
4,SFO,0,459,8,8,57.375,37.619,-122.37484,1,,
4,SLC,0,59,2,2,29.5,40.78839,-111.97777,1,,
4,SRQ,0,45,2,2,22.5,27.39533,-82.55411,1,,
4,BHM,0,67,1,1,67,33.56294,-86.75355,1,,
4,SYR,0,111,2,2,55.5,43.11119,-76.10631,1,,
4,TPA,0,1040,11,11,94.54545455,27.97547,-82.53325,1,,
4,CAK,0,181,2,2,90.5,40.91631,-81.44247,1,,
4,CLE,0,262,3,3,87.33333333,41.41089,-81.8494,1,,
4,CLT,0,599,10,10,59.9,35.21401,-80.94313,1,,
4,CMH,0,444,6,6,74,39.99799,-82.89188,1,,
4,DAL,0,143,5,5,28.6,32.84711,-96.85177,1,,
4,DCA,2,650,13,11,50,38.85208,-77.03772,1,,
4,BTV,0,161,1,1,161,44.473,-73.15031,1,,
4,GSO,1,156,3,2,52,36.09775,-79.9373,1,,
4,BWI,1,,1,0,0,39.1754,-76.6682,1,,
4,CAE,2,,2,0,0,33.93884,-81.11954,1,,
4,IND,0,137,1,1,137,39.71733,-86.29438,1,,
4,LEX,0,36,1,1,36,38.03697,-84.60539,1,,
4,LIT,0,132,1,1,132,34.7294,-92.22425,1,,
4,MSY,0,218,5,5,43.6,29.99339,-90.25803,1,,
4,OAK,0,45,1,1,45,37.72129,-122.22072,1,,
4,ORF,0,222,2,2,111,36.89461,-76.20122,1,,
4,RDU,3,741,10,7,74.1,35.87764,-78.78747,1,,
4,DAY,1,26,2,1,13,39.90238,-84.21938,1,,
4,EGE,0,847,1,1,847,39.64257,-106.9177,1,,
4,GSP,0,56,1,1,56,34.89567,-82.21886,1,,
4,HOU,0,104,2,2,52,29.64542,-95.27889,1,,
4,JAX,0,278,2,2,139,30.49406,-81.68786,1,,
4,LGB,0,168,2,2,84,33.81772,-118.15161,1,,
4,ROC,0,132,1,1,132,43.11887,-77.67238,1,,
4,SMF,0,166,1,1,166,38.69542,-121.59077,1,,
4,STL,1,338,5,4,67.6,38.74769,-90.35999,1,,
4,SAT,0,125,1,1,125,29.53369,-98.46978,1,,
4,MCI,0,70,1,1,70,39.29761,-94.71391,1,,
4,MHT,1,,1,0,0,42.93452,-71.43706,1,,
4,MYR,0,121,1,1,121,33.67975,-78.92833,1,,
4,OMA,0,44,1,1,44,41.30252,-95.89417,1,,
4,PHL,0,51,1,1,51,39.87195,-75.24114,1,,
4,PWM,0,97,1,1,97,43.64617,-70.30875,1,,
4,RIC,0,54,2,2,27,37.50517,-77.31967,1,,
4,TYS,0,24,1,1,24,35.81249,-83.99286,1,,
4,XNA,1,,1,0,0,36.28187,-94.30681,1,,
5,AUS,0,34,2,2,17,30.19453,-97.66987,,,
5,BNA,1,586,10,9,58.6,36.12448,-86.67818,,,
5,BOS,1,114,5,4,22.8,42.36435,-71.00518,,,
5,BUF,0,153,3,3,51,42.94052,-78.73217,,,
5,CHO,0,139,2,2,69.5,38.13864,-78.45286,,,
5,CVG,1,65,2,1,32.5,39.04614,-84.66217,,,
5,DEN,0,305,4,4,76.25,39.85841,-104.667,,,
5,DFW,0,254,8,8,31.75,32.89595,-97.0372,,,
5,DTW,0,257,4,4,64.25,42.21206,-83.34884,,,
5,FLL,0,1027,14,14,73.35714286,26.07258,-80.15275,,,
5,IAD,1,100,4,3,25,38.94453,-77.45581,,,
5,IAH,0,108,4,4,27,29.98047,-95.33972,,,
5,LAS,0,268,5,5,53.6,36.08036,-115.15233,,,
5,LAX,0,356,12,12,29.66666667,33.94254,-118.40807,,,
5,MCO,0,546,14,14,39,28.42889,-81.31603,,,
5,MDW,0,597,6,6,99.5,41.78598,-87.75242,,,
5,MIA,0,551,11,11,50.09090909,25.79325,-80.29056,,,
5,MKE,2,142,3,1,47.33333333,42.94722,-87.89658,,,
5,MSP,0,115,3,3,38.33333333,44.88055,-93.21692,,,
5,ORD,3,1908,22,19,86.72727273,41.9796,-87.90446,,,
5,ATL,0,589,11,11,53.54545455,33.64044,-84.42694,,,
5,PBI,0,389,7,7,55.57142857,26.68316,-80.09559,,,
5,PDX,0,24,2,2,12,45.58872,-122.5975,,,
5,PHX,0,203,5,5,40.6,33.43417,-112.00806,,,
5,RSW,0,219,4,4,54.75,26.53617,-81.75517,,,
5,SAV,0,32,2,2,16,32.12758,-81.20214,,,
5,SDF,0,213,3,3,71,38.17439,-85.736,,,
5,SEA,0,224,5,5,44.8,47.44898,-122.30931,,,
5,SFO,0,60,3,3,20,37.619,-122.37484,,,
5,SLC,0,85,3,3,28.33333333,40.78839,-111.97777,,,
5,SRQ,0,122,2,2,61,27.39533,-82.55411,,,
5,BHM,1,128,2,1,64,33.56294,-86.75355,,,
5,SYR,0,78,2,2,39,43.11119,-76.10631,,,
5,TPA,0,283,5,5,56.6,27.97547,-82.53325,,,
5,CAK,0,110,2,2,55,40.91631,-81.44247,,,
5,CLE,1,459,7,6,65.57142857,41.41089,-81.8494,,,
5,CLT,0,515,11,11,46.81818182,35.21401,-80.94313,,,
5,CMH,1,365,6,5,60.83333333,39.99799,-82.89188,,,
5,DAL,0,375,6,6,62.5,32.84711,-96.85177,,,
5,DCA,0,650,12,12,54.16666667,38.85208,-77.03772,,,
5,BTV,0,26,1,1,26,44.473,-73.15031,,,
5,GSO,3,113,5,2,22.6,36.09775,-79.9373,,,
5,BWI,0,147,1,1,147,39.1754,-76.6682,,,
5,HNL,0,843,1,1,843,21.31869,-157.92241,,,
5,CAE,0,430,1,1,430,33.93884,-81.11954,,,
5,IND,0,49,1,1,49,39.71733,-86.29438,,,
5,LIT,0,65,1,1,65,34.7294,-92.22425,,,
5,MSY,0,115,2,2,57.5,29.99339,-90.25803,,,
5,OAK,0,,1,1,0,37.72129,-122.22072,,,
5,ORF,0,118,1,1,118,36.89461,-76.20122,,,
5,RDU,2,390,9,7,43.33333333,35.87764,-78.78747,,,
5,DAY,0,209,2,2,104.5,39.90238,-84.21938,,,
5,EGE,0,29,1,1,29,39.64257,-106.9177,,,
5,HOU,0,271,4,4,67.75,29.64542,-95.27889,,,
5,JAX,0,128,2,2,64,30.49406,-81.68786,,,
5,ROC,0,110,3,3,36.66666667,43.11887,-77.67238,,,
5,SJC,0,19,1,1,19,37.36186,-121.92901,,,
5,STL,0,521,5,5,104.2,38.74769,-90.35999,,,
5,MCI,1,282,3,2,94,39.29761,-94.71391,,,
5,MHT,1,31,2,1,15.5,42.93452,-71.43706,,,
5,MYR,0,149,2,2,74.5,33.67975,-78.92833,,,
5,OMA,0,65,1,1,65,41.30252,-95.89417,,,
5,PHL,0,27,1,1,27,39.87195,-75.24114,,,
5,PWM,0,32,1,1,32,43.64617,-70.30875,,,
5,RIC,1,67,2,1,33.5,37.50517,-77.31967,,,
5,TYS,0,29,1,1,29,35.81249,-83.99286,,,
5,XNA,0,21,1,1,21,36.28187,-94.30681,,,
5,PIT,1,,1,0,0,40.49147,-80.23287,,,
6,AUS,0,208,3,3,69.33333333,30.19453,-97.66987,,,1
6,BNA,0,936,9,9,104,36.12448,-86.67818,,,1
6,BOS,2,3146,33,31,95.33333333,42.36435,-71.00518,,,1
6,BUF,0,122,4,4,30.5,42.94052,-78.73217,,,1
6,CHO,0,192,2,2,96,38.13864,-78.45286,,,1
6,CHS,0,131,2,2,65.5,32.89865,-80.04051,,,1
6,CVG,0,112,2,2,56,39.04614,-84.66217,,,1
6,DEN,0,606,5,5,121.2,39.85841,-104.667,,,1
6,DFW,1,1002,11,10,91.09090909,32.89595,-97.0372,,,1
6,DTW,1,1531,17,16,90.05882353,42.21206,-83.34884,,,1
6,FLL,1,1451,22,21,65.95454545,26.07258,-80.15275,,,1
6,IAD,1,501,4,3,125.25,38.94453,-77.45581,,,1
6,IAH,0,55,3,3,18.33333333,29.98047,-95.33972,,,1
6,LAS,0,479,8,8,59.875,36.08036,-115.15233,,,1
6,LAX,0,1082,24,24,45.08333333,33.94254,-118.40807,,,1
6,MCO,0,844,15,15,56.26666667,28.42889,-81.31603,,,1
6,MDW,0,533,7,7,76.14285714,41.78598,-87.75242,,,1
6,MIA,0,1660,21,21,79.04761905,25.79325,-80.29056,,,1
6,MKE,0,245,3,3,81.66666667,42.94722,-87.89658,,,1
6,MSP,0,331,5,5,66.2,44.88055,-93.21692,,,1
6,ATL,0,1621,17,17,95.35294118,33.64044,-84.42694,,,1
6,BHM,1,185,2,1,92.5,33.56294,-86.75355,,,1
6,CAK,0,142,2,2,71,40.91631,-81.44247,,,1
6,CLE,2,723,8,6,90.375,41.41089,-81.8494,,,1
6,CLT,0,1222,12,12,101.8333333,35.21401,-80.94313,,,1
6,CMH,1,534,8,7,66.75,39.99799,-82.89188,,,1
6,DAL,0,405,6,6,67.5,32.84711,-96.85177,,,1
6,DCA,9,1391,20,11,69.55,38.85208,-77.03772,,,1
6,BTV,0,156,3,3,52,44.473,-73.15031,,,1
6,GSO,3,35,4,1,8.75,36.09775,-79.9373,,,1
6,BWI,0,68,1,1,68,39.1754,-76.6682,,,1
6,HNL,0,39,1,1,39,21.31869,-157.92241,,,1
6,CAE,0,236,1,1,236,33.93884,-81.11954,,,1
6,IND,0,93,1,1,93,39.71733,-86.29438,,,1
6,LIT,0,138,1,1,138,34.7294,-92.22425,,,1
6,MSY,0,28,1,1,28,29.99339,-90.25803,,,1
6,DAY,1,108,2,1,54,39.90238,-84.21938,,,1
6,EGE,0,65,1,1,65,39.64257,-106.9177,,,1
6,HOU,0,371,3,3,123.6666667,29.64542,-95.27889,,,1
6,JAX,0,25,1,1,25,30.49406,-81.68786,,,1
6,MHT,0,242,2,2,121,42.93452,-71.43706,,,1
6,MYR,1,100,2,1,50,33.67975,-78.92833,,,1
6,OMA,0,35,1,1,35,41.30252,-95.89417,,,1
6,ORD,3,1194,25,22,47.76,41.9796,-87.90446,,,1
6,ORF,1,176,3,2,58.66666667,36.89461,-76.20122,,,1
6,PBI,0,812,11,11,73.81818182,26.68316,-80.09559,,,1
6,PDX,0,,1,1,0,45.58872,-122.5975,,,1
6,PHX,0,95,2,2,47.5,33.43417,-112.00806,,,1
6,PIT,0,66,2,2,33,40.49147,-80.23287,,,1
6,PWM,0,66,2,2,33,43.64617,-70.30875,,,1
6,RDU,3,401,9,6,44.55555556,35.87764,-78.78747,,,1
6,RIC,1,85,3,2,28.33333333,37.50517,-77.31967,,,1
6,ROC,0,266,3,3,88.66666667,43.11887,-77.67238,,,1
6,RSW,0,134,3,3,44.66666667,26.53617,-81.75517,,,1
6,SAN,0,277,3,3,92.33333333,32.73356,-117.18966,,,1
6,SAV,0,45,1,1,45,32.12758,-81.20214,,,1
6,SDF,1,98,2,1,49,38.17439,-85.736,,,1
6,SEA,0,369,5,5,73.8,47.44898,-122.30931,,,1
6,SFO,0,1309,19,19,68.89473684,37.619,-122.37484,,,1
6,SLC,0,253,4,4,63.25,40.78839,-111.97777,,,1
6,SRQ,0,70,1,1,70,27.39533,-82.55411,,,1
6,STL,1,409,6,5,68.16666667,38.74769,-90.35999,,,1
6,SYR,0,58,2,2,29,43.11119,-76.10631,,,1
6,TPA,0,798,9,9,88.66666667,27.97547,-82.53325,,,1
6,TYS,0,45,1,1,45,35.81249,-83.99286,,,1
6,XNA,0,117,1,1,117,36.28187,-94.30681,,,1
7,ATL,1,1228,17,16,72.23529412,33.64044,-84.42694,,,
7,AUS,0,264,2,2,132,30.19453,-97.66987,,,
7,BHM,0,242,2,2,121,33.56294,-86.75355,,,
7,BNA,1,322,9,8,35.77777778,36.12448,-86.67818,,,
7,BOS,6,1149,31,25,37.06451613,42.36435,-71.00518,,,
7,BTV,0,43,1,1,43,44.473,-73.15031,,,
7,BUF,0,188,2,2,94,42.94052,-78.73217,,,
7,BWI,0,38,1,1,38,39.1754,-76.6682,,,
7,CAE,1,113,2,1,56.5,33.93884,-81.11954,,,
7,CAK,0,33,1,1,33,40.91631,-81.44247,,,
7,CHO,1,120,2,1,60,38.13864,-78.45286,,,
7,CHS,0,91,2,2,45.5,32.89865,-80.04051,,,
7,CLE,4,216,8,4,27,41.41089,-81.8494,,,
7,CLT,0,669,12,12,55.75,35.21401,-80.94313,,,
7,CMH,2,635,8,6,79.375,39.99799,-82.89188,,,
7,CVG,0,37,1,1,37,39.04614,-84.66217,,,
7,DAL,0,480,5,5,96,32.84711,-96.85177,,,
7,DAY,0,215,2,2,107.5,39.90238,-84.21938,,,
7,DCA,5,1053,18,13,58.5,38.85208,-77.03772,,,
7,DEN,0,131,2,2,65.5,39.85841,-104.667,,,
7,DFW,0,865,11,11,78.63636364,32.89595,-97.0372,,,
7,DTW,2,616,10,8,61.6,42.21206,-83.34884,,,
7,FLL,1,1363,16,15,85.1875,26.07258,-80.15275,,,
7,GSO,3,147,4,1,36.75,36.09775,-79.9373,,,
7,HOU,0,93,3,3,31,29.64542,-95.27889,,,
7,IAD,3,179,6,3,29.83333333,38.94453,-77.45581,,,
7,IAH,0,578,6,6,96.33333333,29.98047,-95.33972,,,
7,IND,0,20,1,1,20,39.71733,-86.29438,,,
7,LAS,0,17,1,1,17,36.08036,-115.15233,,,
7,LAX,0,360,7,7,51.42857143,33.94254,-118.40807,,,
7,LIT,0,108,1,1,108,34.7294,-92.22425,,,
7,MCI,1,25,2,1,12.5,39.29761,-94.71391,,,
7,MCO,1,722,13,12,55.53846154,28.42889,-81.31603,,,
7,MDW,1,148,5,4,29.6,41.78598,-87.75242,,,
7,MHT,1,91,2,1,45.5,42.93452,-71.43706,,,
7,MIA,0,1125,17,17,66.17647059,25.79325,-80.29056,,,
7,MKE,1,41,2,1,20.5,42.94722,-87.89658,,,
7,MSP,0,120,3,3,40,44.88055,-93.21692,,,
7,MSY,0,87,1,1,87,29.99339,-90.25803,,,
7,MYR,1,104,2,1,52,33.67975,-78.92833,,,
7,OMA,1,,1,0,0,41.30252,-95.89417,,,
7,ORD,3,1166,19,16,61.36842105,41.9796,-87.90446,,,
7,ORF,1,58,3,2,19.33333333,36.89461,-76.20122,,,
7,PBI,0,775,10,10,77.5,26.68316,-80.09559,,,
7,PDX,0,,1,1,0,45.58872,-122.5975,,,
7,PHX,0,74,2,2,37,33.43417,-112.00806,,,
7,PIT,1,72,2,1,36,40.49147,-80.23287,,,
7,PWM,0,21,1,1,21,43.64617,-70.30875,,,
7,RDU,1,661,11,10,60.09090909,35.87764,-78.78747,,,
7,RIC,2,,2,0,0,37.50517,-77.31967,,,
7,ROC,0,136,2,2,68,43.11887,-77.67238,,,
7,RSW,0,150,5,5,30,26.53617,-81.75517,,,
7,SAV,0,48,1,1,48,32.12758,-81.20214,,,
7,SDF,1,201,3,2,67,38.17439,-85.736,,,
7,SEA,0,69,4,4,17.25,47.44898,-122.30931,,,
7,SFO,0,283,3,3,94.33333333,37.619,-122.37484,,,
7,SLC,0,80,2,2,40,40.78839,-111.97777,,,
7,SRQ,0,85,1,1,85,27.39533,-82.55411,,,
7,STL,1,419,5,4,83.8,38.74769,-90.35999,,,
7,SYR,0,145,2,2,72.5,43.11119,-76.10631,,,
7,TPA,0,318,4,4,79.5,27.97547,-82.53325,,,
7,TYS,0,88,1,1,88,35.81249,-83.99286,,,
7,XNA,0,91,1,1,91,36.28187,-94.30681,,,
8,ABQ,0,147,1,1,147,35.04022,-106.60919,,,
8,ATL,0,231,6,6,38.5,33.64044,-84.42694,,,
8,AUS,0,35,1,1,35,30.19453,-97.66987,,,
8,BHM,0,100,1,1,100,33.56294,-86.75355,,,
8,BNA,1,74,3,2,24.66666667,36.12448,-86.67818,,,
8,BOS,1,57,3,2,19,42.36435,-71.00518,,,
8,BUF,0,31,1,1,31,42.94052,-78.73217,,,
8,BWI,1,,1,0,0,39.1754,-76.6682,,,
8,CHO,0,27,1,1,27,38.13864,-78.45286,,,
8,CHS,0,45,2,2,22.5,32.89865,-80.04051,,,
8,CLE,1,68,3,2,22.66666667,41.41089,-81.8494,,,
8,CLT,0,120,2,2,60,35.21401,-80.94313,,,
8,CMH,1,122,4,3,30.5,39.99799,-82.89188,,,
8,DAL,0,36,1,1,36,32.84711,-96.85177,,,
8,DAY,0,64,2,2,32,39.90238,-84.21938,,,
8,DCA,1,27,2,1,13.5,38.85208,-77.03772,,,
8,DEN,0,146,4,4,36.5,39.85841,-104.667,,,
8,DFW,2,,2,0,0,32.89595,-97.0372,,,
8,DTW,0,217,6,6,36.16666667,42.21206,-83.34884,,,
8,FLL,0,186,4,4,46.5,26.07258,-80.15275,,,
8,GSO,0,406,3,3,135.3333333,36.09775,-79.9373,,,
8,IAD,1,112,3,2,37.33333333,38.94453,-77.45581,,,
8,IAH,1,58,2,1,29,29.98047,-95.33972,,,
8,JAX,0,23,1,1,23,30.49406,-81.68786,,,
8,LAS,0,45,1,1,45,36.08036,-115.15233,,,
8,LAX,0,110,4,4,27.5,33.94254,-118.40807,,,
8,LIT,0,26,1,1,26,34.7294,-92.22425,,,
8,MCI,0,44,1,1,44,39.29761,-94.71391,,,
8,MCO,0,63,2,2,31.5,28.42889,-81.31603,,,
8,MDW,1,191,4,3,47.75,41.78598,-87.75242,,,
8,MHT,0,46,1,1,46,42.93452,-71.43706,,,
8,MIA,0,597,11,11,54.27272727,25.79325,-80.29056,,,
8,MKE,1,99,2,1,49.5,42.94722,-87.89658,,,
8,MSP,0,62,2,2,31,44.88055,-93.21692,,,
8,MYR,0,41,1,1,41,33.67975,-78.92833,,,
8,ORD,1,1756,23,22,76.34782609,41.9796,-87.90446,,,
8,PBI,0,43,2,2,21.5,26.68316,-80.09559,,,
8,PHX,1,,1,0,0,33.43417,-112.00806,,,
8,PIT,0,30,1,1,30,40.49147,-80.23287,,,
8,PWM,0,58,2,2,29,43.64617,-70.30875,,,
8,RDU,1,20,2,1,10,35.87764,-78.78747,,,
8,RIC,0,32,1,1,32,37.50517,-77.31967,,,
8,ROC,1,44,2,1,22,43.11887,-77.67238,,,
8,SAN,0,15,1,1,15,32.73356,-117.18966,,,
8,SDF,0,164,3,3,54.66666667,38.17439,-85.736,,,
8,SEA,0,22,2,2,11,47.44898,-122.30931,,,
8,SFO,0,120,4,4,30,37.619,-122.37484,,,
8,SLC,0,155,5,5,31,40.78839,-111.97777,,,
8,SMF,0,24,1,1,24,38.69542,-121.59077,,,
8,STL,0,96,1,1,96,38.74769,-90.35999,,,
8,SYR,0,29,1,1,29,43.11119,-76.10631,,,
8,TPA,0,164,3,3,54.66666667,27.97547,-82.53325,,,
8,TYS,1,,1,0,0,35.81249,-83.99286,,,
8,XNA,0,54,1,1,54,36.28187,-94.30681,,,
9,ABQ,0,67,1,1,67,35.04022,-106.60919,,,1
9,ATL,1,1291,17,16,75.94117647,33.64044,-84.42694,,,1
9,AUS,0,60,1,1,60,30.19453,-97.66987,,,1
9,BHM,0,111,2,2,55.5,33.56294,-86.75355,,,1
9,BNA,2,410,8,6,51.25,36.12448,-86.67818,,,1
9,BOS,7,1300,30,23,43.33333333,42.36435,-71.00518,,,1
9,BTV,0,187,3,3,62.33333333,44.473,-73.15031,,,1
9,BUF,0,179,4,4,44.75,42.94052,-78.73217,,,1
9,CAE,1,,1,0,0,33.93884,-81.11954,,,1
9,CAK,0,107,1,1,107,40.91631,-81.44247,,,1
9,CHO,0,91,1,1,91,38.13864,-78.45286,,,1
9,CHS,1,297,4,3,74.25,32.89865,-80.04051,,,1
9,CLE,5,388,10,5,38.8,41.41089,-81.8494,,,1
9,CLT,3,812,14,11,58,35.21401,-80.94313,,,1
9,CMH,1,368,6,5,61.33333333,39.99799,-82.89188,,,1
9,CVG,0,31,1,1,31,39.04614,-84.66217,,,1
9,DAL,1,408,6,5,68,32.84711,-96.85177,,,1
9,DAY,0,88,1,1,88,39.90238,-84.21938,,,1
9,DCA,2,204,8,6,25.5,38.85208,-77.03772,,,1
9,DEN,0,449,7,7,64.14285714,39.85841,-104.667,,,1
9,DFW,2,481,11,9,43.72727273,32.89595,-97.0372,,,1
9,DTW,1,526,9,8,58.44444444,42.21206,-83.34884,,,1
9,EGE,0,125,1,1,125,39.64257,-106.9177,,,1
9,FLL,1,1314,20,19,65.7,26.07258,-80.15275,,,1
9,GSO,0,260,6,6,43.33333333,36.09775,-79.9373,,,1
9,HNL,0,69,2,2,34.5,21.31869,-157.92241,,,1
9,HOU,0,119,2,2,59.5,29.64542,-95.27889,,,1
9,IAD,1,373,6,5,62.16666667,38.94453,-77.45581,,,1
9,IAH,0,624,7,7,89.14285714,29.98047,-95.33972,,,1
9,JAX,1,182,2,1,91,30.49406,-81.68786,,,1
9,LAS,0,546,7,7,78,36.08036,-115.15233,,,1
9,LAX,0,619,12,12,51.58333333,33.94254,-118.40807,,,1
9,LGB,0,245,2,2,122.5,33.81772,-118.15161,,,1
9,LIT,0,49,1,1,49,34.7294,-92.22425,,,1
9,MCI,1,196,3,2,65.33333333,39.29761,-94.71391,,,1
9,MCO,1,1565,20,19,78.25,28.42889,-81.31603,,,1
9,MDW,0,330,2,2,165,41.78598,-87.75242,,,1
9,MHT,0,112,2,2,56,42.93452,-71.43706,,,1
9,MIA,0,1588,23,23,69.04347826,25.79325,-80.29056,,,1
9,MKE,1,,1,0,0,42.94722,-87.89658,,,1
9,MSP,0,329,4,4,82.25,44.88055,-93.21692,,,1
9,MSY,0,289,4,4,72.25,29.99339,-90.25803,,,1
9,MYR,1,57,2,1,28.5,33.67975,-78.92833,,,1
9,ORD,6,1953,28,22,69.75,41.9796,-87.90446,,,1
9,ORF,2,16,3,1,5.333333333,36.89461,-76.20122,,,1
9,PBI,0,907,11,11,82.45454545,26.68316,-80.09559,,,1
9,PDX,0,114,1,1,114,45.58872,-122.5975,,,1
9,PHX,0,358,5,5,71.6,33.43417,-112.00806,,,1
9,PWM,0,188,2,2,94,43.64617,-70.30875,,,1
9,RDU,3,752,13,10,57.84615385,35.87764,-78.78747,,,1
9,RIC,2,,2,0,0,37.50517,-77.31967,,,1
9,ROC,0,154,2,2,77,43.11887,-77.67238,,,1
9,RSW,0,239,3,3,79.66666667,26.53617,-81.75517,,,1
9,SAN,0,123,3,3,41,32.73356,-117.18966,,,1
9,SAV,0,123,2,2,61.5,32.12758,-81.20214,,,1
9,SDF,1,97,2,1,48.5,38.17439,-85.736,,,1
9,SEA,0,237,3,3,79,47.44898,-122.30931,,,1
9,SFO,0,400,8,8,50,37.619,-122.37484,,,1
9,SLC,0,273,5,5,54.6,40.78839,-111.97777,,,1
9,SRQ,0,283,2,2,141.5,27.39533,-82.55411,,,1
9,STL,2,288,7,5,41.14285714,38.74769,-90.35999,,,1
9,SYR,0,287,3,3,95.66666667,43.11119,-76.10631,,,1
9,TPA,1,940,11,10,85.45454545,27.97547,-82.53325,,,1
9,TYS,0,43,1,1,43,35.81249,-83.99286,,,1
9,XNA,0,18,1,1,18,36.28187,-94.30681,,,1
10,ATL,0,138,4,4,34.5,33.64044,-84.42694,,,
10,AUS,0,112,1,1,112,30.19453,-97.66987,,,
10,BOS,0,22,1,1,22,42.36435,-71.00518,,,
10,CHS,0,20,1,1,20,32.89865,-80.04051,,,
10,CLT,0,18,1,1,18,35.21401,-80.94313,,,
10,CMH,0,37,1,1,37,39.99799,-82.89188,,,
10,DAL,0,60,1,1,60,32.84711,-96.85177,,,
10,DCA,0,29,1,1,29,38.85208,-77.03772,,,
10,DEN,0,105,1,1,105,39.85841,-104.667,,,
10,EGE,0,87,1,1,87,39.64257,-106.9177,,,
10,FLL,0,126,3,3,42,26.07258,-80.15275,,,
10,IAD,0,76,2,2,38,38.94453,-77.45581,,,
10,JAX,0,76,1,1,76,30.49406,-81.68786,,,
10,LAS,0,105,2,2,52.5,36.08036,-115.15233,,,
10,MCI,0,37,1,1,37,39.29761,-94.71391,,,
10,MCO,0,203,4,4,50.75,28.42889,-81.31603,,,
10,MIA,2,497,8,6,62.125,25.79325,-80.29056,,,
10,MSP,0,50,1,1,50,44.88055,-93.21692,,,
10,MYR,0,85,1,1,85,33.67975,-78.92833,,,
10,ORD,0,124,4,4,31,41.9796,-87.90446,,,
10,PBI,0,64,3,3,21.33333333,26.68316,-80.09559,,,
10,PDX,0,35,1,1,35,45.58872,-122.5975,,,
10,PWM,0,21,1,1,21,43.64617,-70.30875,,,
10,RDU,0,26,1,1,26,35.87764,-78.78747,,,
10,ROC,0,19,1,1,19,43.11887,-77.67238,,,
10,RSW,0,27,1,1,27,26.53617,-81.75517,,,
10,SEA,0,278,4,4,69.5,47.44898,-122.30931,,,
10,SFO,0,125,3,3,41.66666667,37.619,-122.37484,,,
10,SRQ,0,130,1,1,130,27.39533,-82.55411,,,
10,SYR,0,25,1,1,25,43.11119,-76.10631,,,
10,TPA,0,77,2,2,38.5,27.97547,-82.53325,,,
11,ATL,0,114,4,4,28.5,33.64044,-84.42694,,,
11,AUS,0,19,1,1,19,30.19453,-97.66987,,,
11,BHM,0,151,1,1,151,33.56294,-86.75355,,,
11,BNA,0,35,2,2,17.5,36.12448,-86.67818,,,
11,BOS,0,255,4,4,63.75,42.36435,-71.00518,,,
11,BUF,0,310,3,3,103.3333333,42.94052,-78.73217,,,
11,BWI,0,16,1,1,16,39.1754,-76.6682,,,
11,CHO,0,67,1,1,67,38.13864,-78.45286,,,
11,CLT,0,97,2,2,48.5,35.21401,-80.94313,,,
11,CMH,0,62,3,3,20.66666667,39.99799,-82.89188,,,
11,DAL,0,61,2,2,30.5,32.84711,-96.85177,,,
11,DCA,1,73,4,3,18.25,38.85208,-77.03772,,,
11,DFW,0,82,2,2,41,32.89595,-97.0372,,,
11,DTW,0,75,3,3,25,42.21206,-83.34884,,,
11,FLL,0,117,4,4,29.25,26.07258,-80.15275,,,
11,GSO,0,118,1,1,118,36.09775,-79.9373,,,
11,HOU,0,128,1,1,128,29.64542,-95.27889,,,
11,IAD,0,18,1,1,18,38.94453,-77.45581,,,
11,JAX,0,18,1,1,18,30.49406,-81.68786,,,
11,LAS,0,105,2,2,52.5,36.08036,-115.15233,,,
11,LAX,0,38,2,2,19,33.94254,-118.40807,,,
11,LIT,0,38,1,1,38,34.7294,-92.22425,,,
11,MCO,0,79,2,2,39.5,28.42889,-81.31603,,,
11,MDW,0,29,1,1,29,41.78598,-87.75242,,,
11,MHT,0,113,1,1,113,42.93452,-71.43706,,,
11,MIA,0,78,3,3,26,25.79325,-80.29056,,,
11,MSY,0,,1,1,0,29.99339,-90.25803,,,
11,ORD,0,97,3,3,32.33333333,41.9796,-87.90446,,,
11,ORF,0,69,1,1,69,36.89461,-76.20122,,,
11,PBI,0,140,1,1,140,26.68316,-80.09559,,,
11,PHX,0,107,2,2,53.5,33.43417,-112.00806,,,
11,PIT,1,,1,0,0,40.49147,-80.23287,,,
11,PWM,0,106,2,2,53,43.64617,-70.30875,,,
11,RDU,0,81,2,2,40.5,35.87764,-78.78747,,,
11,ROC,0,124,1,1,124,43.11887,-77.67238,,,
11,RSW,0,18,1,1,18,26.53617,-81.75517,,,
11,SAN,0,36,1,1,36,32.73356,-117.18966,,,
11,SDF,0,74,2,2,37,38.17439,-85.736,,,
11,SEA,0,44,2,2,22,47.44898,-122.30931,,,
11,SFO,0,29,1,1,29,37.619,-122.37484,,,
11,SJC,0,25,1,1,25,37.36186,-121.92901,,,
11,STL,0,22,1,1,22,38.74769,-90.35999,,,
12,ATL,1,1397,18,17,77.61111111,33.64044,-84.42694,1,,
12,AUS,0,189,2,2,94.5,30.19453,-97.66987,1,,
12,BHM,1,,1,0,0,33.56294,-86.75355,1,,
12,BNA,0,256,5,5,51.2,36.12448,-86.67818,1,,
12,BOS,4,302,13,9,23.23076923,42.36435,-71.00518,1,,
12,BUF,0,352,3,3,117.3333333,42.94052,-78.73217,1,,
12,BWI,0,75,1,1,75,39.1754,-76.6682,1,,
12,CAE,1,,1,0,0,33.93884,-81.11954,1,,
12,CAK,0,76,1,1,76,40.91631,-81.44247,1,,
12,CHO,0,15,2,2,7.5,38.13864,-78.45286,1,,
12,CHS,1,,1,0,0,32.89865,-80.04051,1,,
12,CLE,3,314,6,3,52.33333333,41.41089,-81.8494,1,,
12,CLT,3,146,8,5,18.25,35.21401,-80.94313,1,,
12,CMH,1,140,4,3,35,39.99799,-82.89188,1,,
12,CVG,1,92,2,1,46,39.04614,-84.66217,1,,
12,DAL,2,327,6,4,54.5,32.84711,-96.85177,1,,
12,DAY,0,157,1,1,157,39.90238,-84.21938,1,,
12,DCA,1,298,5,4,59.6,38.85208,-77.03772,1,,
12,DEN,0,80,2,2,40,39.85841,-104.667,1,,
12,DFW,1,240,7,6,34.28571429,32.89595,-97.0372,1,,
12,DTW,1,163,5,4,32.6,42.21206,-83.34884,1,,
12,FLL,0,681,9,9,75.66666667,26.07258,-80.15275,1,,
12,GSO,2,205,6,4,34.16666667,36.09775,-79.9373,1,,
12,HOU,0,41,1,1,41,29.64542,-95.27889,1,,
12,IAD,0,208,3,3,69.33333333,38.94453,-77.45581,1,,
12,IAH,0,45,2,2,22.5,29.98047,-95.33972,1,,
12,IND,0,48,1,1,48,39.71733,-86.29438,1,,
12,LAS,0,26,1,1,26,36.08036,-115.15233,1,,
12,LAX,0,106,4,4,26.5,33.94254,-118.40807,1,,
12,MCI,0,280,1,1,280,39.29761,-94.71391,1,,
12,MCO,0,575,10,10,57.5,28.42889,-81.31603,1,,
12,MDW,0,223,3,3,74.33333333,41.78598,-87.75242,1,,
12,MHT,1,133,2,1,66.5,42.93452,-71.43706,1,,
12,MIA,1,332,6,5,55.33333333,25.79325,-80.29056,1,,
12,MKE,0,149,2,2,74.5,42.94722,-87.89658,1,,
12,MSP,0,65,2,2,32.5,44.88055,-93.21692,1,,
12,MYR,1,46,2,1,23,33.67975,-78.92833,1,,
12,OMA,0,32,1,1,32,41.30252,-95.89417,1,,
12,ORD,2,643,12,10,53.58333333,41.9796,-87.90446,1,,
12,ORF,2,39,3,1,13,36.89461,-76.20122,1,,
12,PBI,0,436,7,7,62.28571429,26.68316,-80.09559,1,,
12,PDX,0,93,2,2,46.5,45.58872,-122.5975,1,,
12,PIT,0,147,1,1,147,40.49147,-80.23287,1,,
12,PWM,0,62,1,1,62,43.64617,-70.30875,1,,
12,RDU,4,444,10,6,44.4,35.87764,-78.78747,1,,
12,RIC,1,22,2,1,11,37.50517,-77.31967,1,,
12,ROC,0,56,1,1,56,43.11887,-77.67238,1,,
12,RSW,0,24,1,1,24,26.53617,-81.75517,1,,
12,SAN,0,16,1,1,16,32.73356,-117.18966,1,,
12,SDF,0,122,2,2,61,38.17439,-85.736,1,,
12,SEA,0,17,1,1,17,47.44898,-122.30931,1,,
12,SFO,0,181,3,3,60.33333333,37.619,-122.37484,1,,
12,SLC,0,31,2,2,15.5,40.78839,-111.97777,1,,
12,SRQ,0,75,1,1,75,27.39533,-82.55411,1,,
12,STL,1,153,4,3,38.25,38.74769,-90.35999,1,,
12,SYR,0,19,1,1,19,43.11119,-76.10631,1,,
12,TPA,0,151,3,3,50.33333333,27.97547,-82.53325,1,,
12,TYS,0,99,1,1,99,35.81249,-83.99286,1,,
12,XNA,0,53,1,1,53,36.28187,-94.30681,1,,
13,ATL,0,119,3,3,39.66666667,33.64044,-84.42694,,,
13,BNA,0,326,3,3,108.6666667,36.12448,-86.67818,,,
13,BOS,0,17,1,1,17,42.36435,-71.00518,,,
13,BWI,0,131,1,1,131,39.1754,-76.6682,,,
13,CAK,0,114,1,1,114,40.91631,-81.44247,,,
13,CLE,0,28,1,1,28,41.41089,-81.8494,,,
13,CLT,1,80,3,2,26.66666667,35.21401,-80.94313,,,
13,CMH,0,120,3,3,40,39.99799,-82.89188,,,
13,CVG,0,61,1,1,61,39.04614,-84.66217,,,
13,DAL,1,,1,0,0,32.84711,-96.85177,,,
13,DAY,0,70,1,1,70,39.90238,-84.21938,,,
13,DCA,3,,3,0,0,38.85208,-77.03772,,,
13,DEN,0,23,1,1,23,39.85841,-104.667,,,
13,DFW,0,57,1,1,57,32.89595,-97.0372,,,
13,FLL,0,34,1,1,34,26.07258,-80.15275,,,
13,GSO,0,81,2,2,40.5,36.09775,-79.9373,,,
13,LAX,0,52,1,1,52,33.94254,-118.40807,,,
13,LIT,0,40,1,1,40,34.7294,-92.22425,,,
13,MCI,0,135,1,1,135,39.29761,-94.71391,,,
13,MCO,0,323,2,2,161.5,28.42889,-81.31603,,,
13,MDW,0,18,1,1,18,41.78598,-87.75242,,,
13,MIA,0,308,5,5,61.6,25.79325,-80.29056,,,
13,MKE,0,18,1,1,18,42.94722,-87.89658,,,
13,MSY,0,22,1,1,22,29.99339,-90.25803,,,
13,ORD,0,39,2,2,19.5,41.9796,-87.90446,,,
13,PBI,0,84,4,4,21,26.68316,-80.09559,,,
13,RDU,2,87,5,3,17.4,35.87764,-78.78747,,,
13,RIC,0,74,1,1,74,37.50517,-77.31967,,,
13,SDF,0,148,3,3,49.33333333,38.17439,-85.736,,,
13,SRQ,0,24,1,1,24,27.39533,-82.55411,,,
13,STL,1,72,3,2,24,38.74769,-90.35999,,,
13,TPA,0,49,1,1,49,27.97547,-82.53325,,,
14,ATL,0,85,3,3,28.33333333,33.64044,-84.42694,,,
14,BNA,0,76,2,2,38,36.12448,-86.67818,,,
14,BOS,1,383,12,11,31.91666667,42.36435,-71.00518,,,
14,BUF,0,17,1,1,17,42.94052,-78.73217,,,
14,BWI,0,26,1,1,26,39.1754,-76.6682,,,
14,CHO,0,15,1,1,15,38.13864,-78.45286,,,
14,CLE,0,56,2,2,28,41.41089,-81.8494,,,
14,CLT,0,15,1,1,15,35.21401,-80.94313,,,
14,CMH,1,16,2,1,8,39.99799,-82.89188,,,
14,DAL,0,151,1,1,151,32.84711,-96.85177,,,
14,DCA,0,145,5,5,29,38.85208,-77.03772,,,
14,FLL,0,163,5,5,32.6,26.07258,-80.15275,,,
14,IAD,0,33,1,1,33,38.94453,-77.45581,,,
14,IAH,0,32,1,1,32,29.98047,-95.33972,,,
14,LAX,0,191,2,2,95.5,33.94254,-118.40807,,,
14,MCI,1,44,2,1,22,39.29761,-94.71391,,,
14,MCO,0,45,1,1,45,28.42889,-81.31603,,,
14,MHT,0,43,1,1,43,42.93452,-71.43706,,,
14,MIA,1,795,10,9,79.5,25.79325,-80.29056,,,
14,MSP,0,32,2,2,16,44.88055,-93.21692,,,
14,ORD,0,207,5,5,41.4,41.9796,-87.90446,,,
14,ORF,0,167,3,3,55.66666667,36.89461,-76.20122,,,
14,PBI,0,208,2,2,104,26.68316,-80.09559,,,
14,RDU,1,159,5,4,31.8,35.87764,-78.78747,,,
14,RIC,3,,3,0,0,37.50517,-77.31967,,,
14,ROC,0,31,1,1,31,43.11887,-77.67238,,,
14,RSW,0,16,1,1,16,26.53617,-81.75517,,,
14,SDF,0,43,2,2,21.5,38.17439,-85.736,,,
14,SFO,0,49,1,1,49,37.619,-122.37484,,,
14,SRQ,0,17,1,1,17,27.39533,-82.55411,,,
14,SYR,0,19,1,1,19,43.11119,-76.10631,,,
14,TPA,1,224,3,2,74.66666667,27.97547,-82.53325,,,
14,TYS,0,18,1,1,18,35.81249,-83.99286,,,
15,ATL,1,90,3,2,30,33.64044,-84.42694,,,
15,AUS,0,88,1,1,88,30.19453,-97.66987,,,
15,BHM,0,131,1,1,131,33.56294,-86.75355,,,
15,BNA,0,31,1,1,31,36.12448,-86.67818,,,
15,BOS,4,1282,23,19,55.73913043,42.36435,-71.00518,,,
15,CHS,0,17,1,1,17,32.89865,-80.04051,,,
15,CLE,0,15,1,1,15,41.41089,-81.8494,,,
15,CLT,0,243,4,4,60.75,35.21401,-80.94313,,,
15,CMH,0,80,2,2,40,39.99799,-82.89188,,,
15,DAY,0,49,1,1,49,39.90238,-84.21938,,,
15,DCA,0,72,4,4,18,38.85208,-77.03772,,,
15,DFW,0,98,1,1,98,32.89595,-97.0372,,,
15,DTW,0,29,1,1,29,42.21206,-83.34884,,,
15,FLL,0,239,3,3,79.66666667,26.07258,-80.15275,,,
15,GSO,1,,1,0,0,36.09775,-79.9373,,,
15,IAD,0,121,1,1,121,38.94453,-77.45581,,,
15,IND,1,,1,0,0,39.71733,-86.29438,,,
15,LAX,0,560,4,4,140,33.94254,-118.40807,,,
15,MCI,0,25,1,1,25,39.29761,-94.71391,,,
15,MCO,0,195,7,7,27.85714286,28.42889,-81.31603,,,
15,MHT,0,31,1,1,31,42.93452,-71.43706,,,
15,MIA,0,146,4,4,36.5,25.79325,-80.29056,,,
15,MSY,0,71,2,2,35.5,29.99339,-90.25803,,,
15,ORD,1,50,3,2,16.66666667,41.9796,-87.90446,,,
15,ORF,1,79,2,1,39.5,36.89461,-76.20122,,,
15,PBI,0,81,2,2,40.5,26.68316,-80.09559,,,
15,PDX,0,16,1,1,16,45.58872,-122.5975,,,
15,RDU,2,87,5,3,17.4,35.87764,-78.78747,,,
15,RIC,0,16,1,1,16,37.50517,-77.31967,,,
15,SAV,0,17,1,1,17,32.12758,-81.20214,,,
15,SDF,0,15,1,1,15,38.17439,-85.736,,,
15,SEA,0,101,3,3,33.66666667,47.44898,-122.30931,,,
15,SFO,0,60,1,1,60,37.619,-122.37484,,,
15,SRQ,0,55,1,1,55,27.39533,-82.55411,,,
15,STL,1,,1,0,0,38.74769,-90.35999,,,
15,SYR,0,23,1,1,23,43.11119,-76.10631,,,
15,TPA,0,120,2,2,60,27.97547,-82.53325,,,
16,ATL,0,54,3,3,18,33.64044,-84.42694,,,
16,AUS,0,56,2,2,28,30.19453,-97.66987,,,
16,BHM,0,102,2,2,51,33.56294,-86.75355,,,
16,BNA,0,111,2,2,55.5,36.12448,-86.67818,,,
16,BOS,1,722,15,14,48.13333333,42.36435,-71.00518,,,
16,BTV,0,61,1,1,61,44.473,-73.15031,,,
16,BUF,0,78,1,1,78,42.94052,-78.73217,,,
16,CAE,0,48,1,1,48,33.93884,-81.11954,,,
16,CHO,0,15,1,1,15,38.13864,-78.45286,,,
16,CHS,0,46,1,1,46,32.89865,-80.04051,,,
16,CLE,0,201,4,4,50.25,41.41089,-81.8494,,,
16,CLT,0,248,4,4,62,35.21401,-80.94313,,,
16,CMH,1,422,6,5,70.33333333,39.99799,-82.89188,,,
16,DAL,0,26,1,1,26,32.84711,-96.85177,,,
16,DAY,0,74,2,2,37,39.90238,-84.21938,,,
16,DCA,1,422,8,7,52.75,38.85208,-77.03772,,,
16,DTW,0,205,6,6,34.16666667,42.21206,-83.34884,,,
16,FLL,0,515,7,7,73.57142857,26.07258,-80.15275,,,
16,GSO,0,253,3,3,84.33333333,36.09775,-79.9373,,,
16,IAD,0,77,2,2,38.5,38.94453,-77.45581,,,
16,IAH,0,18,1,1,18,29.98047,-95.33972,,,
16,LAX,0,69,1,1,69,33.94254,-118.40807,,,
16,LIT,0,71,1,1,71,34.7294,-92.22425,,,
16,MCI,0,91,1,1,91,39.29761,-94.71391,,,
16,MCO,0,164,4,4,41,28.42889,-81.31603,,,
16,MDW,0,97,3,3,32.33333333,41.78598,-87.75242,,,
16,MHT,0,94,1,1,94,42.93452,-71.43706,,,
16,MIA,0,248,7,7,35.42857143,25.79325,-80.29056,,,
16,MKE,0,22,1,1,22,42.94722,-87.89658,,,
16,MSP,0,127,4,4,31.75,44.88055,-93.21692,,,
16,ORD,0,552,12,12,46,41.9796,-87.90446,,,
16,ORF,0,52,2,2,26,36.89461,-76.20122,,,
16,PBI,0,154,3,3,51.33333333,26.68316,-80.09559,,,
16,PDX,0,39,1,1,39,45.58872,-122.5975,,,
16,PHX,0,80,1,1,80,33.43417,-112.00806,,,
16,PIT,0,76,1,1,76,40.49147,-80.23287,,,
16,RDU,1,84,3,2,28,35.87764,-78.78747,,,
16,RIC,0,107,2,2,53.5,37.50517,-77.31967,,,
16,ROC,0,35,1,1,35,43.11887,-77.67238,,,
16,RSW,0,99,1,1,99,26.53617,-81.75517,,,
16,SDF,0,152,2,2,76,38.17439,-85.736,,,
16,SFO,0,261,5,5,52.2,37.619,-122.37484,,,
16,SLC,0,39,2,2,19.5,40.78839,-111.97777,,,
16,SMF,0,25,1,1,25,38.69542,-121.59077,,,
16,SRQ,0,40,1,1,40,27.39533,-82.55411,,,
16,STL,0,99,2,2,49.5,38.74769,-90.35999,,,
16,SYR,0,46,1,1,46,43.11119,-76.10631,,,
16,TPA,0,157,4,4,39.25,27.97547,-82.53325,,,
16,XNA,0,20,1,1,20,36.28187,-94.30681,,,
17,ATL,0,19,1,1,19,33.64044,-84.42694,,,
17,AUS,0,231,2,2,115.5,30.19453,-97.66987,,,
17,BOS,0,146,2,2,73,42.36435,-71.00518,,,
17,BUF,0,24,1,1,24,42.94052,-78.73217,,,
17,BWI,0,29,1,1,29,39.1754,-76.6682,,,
17,CHS,0,43,1,1,43,32.89865,-80.04051,,,
17,CLT,0,18,1,1,18,35.21401,-80.94313,,,
17,CMH,0,111,1,1,111,39.99799,-82.89188,,,
17,DCA,0,217,2,2,108.5,38.85208,-77.03772,,,
17,DTW,0,43,1,1,43,42.21206,-83.34884,,,
17,LAX,0,315,1,1,315,33.94254,-118.40807,,,
17,MCO,1,134,2,1,67,28.42889,-81.31603,,,
17,MIA,0,325,3,3,108.3333333,25.79325,-80.29056,,,
17,PDX,0,48,1,1,48,45.58872,-122.5975,,,
17,PHX,0,15,1,1,15,33.43417,-112.00806,,,
17,RDU,0,34,1,1,34,35.87764,-78.78747,,,
17,RIC,0,38,1,1,38,37.50517,-77.31967,,,
17,SAV,0,15,1,1,15,32.12758,-81.20214,,,
17,SEA,0,87,3,3,29,47.44898,-122.30931,,,
17,SFO,0,20,1,1,20,37.619,-122.37484,,,
17,SYR,0,15,1,1,15,43.11119,-76.10631,,,
18,ATL,0,190,4,4,47.5,33.64044,-84.42694,1,1,
18,AUS,0,57,1,1,57,30.19453,-97.66987,1,1,
18,BNA,0,64,1,1,64,36.12448,-86.67818,1,1,
18,BOS,0,424,8,8,53,42.36435,-71.00518,1,1,
18,BTV,1,,1,0,0,44.473,-73.15031,1,1,
18,BUF,0,201,3,3,67,42.94052,-78.73217,1,1,
18,BWI,0,100,1,1,100,39.1754,-76.6682,1,1,
18,CHO,0,15,1,1,15,38.13864,-78.45286,1,1,
18,CLE,0,111,1,1,111,41.41089,-81.8494,1,1,
18,CLT,0,180,3,3,60,35.21401,-80.94313,1,1,
18,CMH,0,310,2,2,155,39.99799,-82.89188,1,1,
18,DAY,0,17,1,1,17,39.90238,-84.21938,1,1,
18,DCA,0,180,4,4,45,38.85208,-77.03772,1,1,
18,DEN,0,106,1,1,106,39.85841,-104.667,1,1,
18,DFW,0,33,2,2,16.5,32.89595,-97.0372,1,1,
18,DTW,1,34,2,1,17,42.21206,-83.34884,1,1,
18,FLL,0,457,9,9,50.77777778,26.07258,-80.15275,1,1,
18,HNL,0,19,1,1,19,21.31869,-157.92241,1,1,
18,HOU,0,59,1,1,59,29.64542,-95.27889,1,1,
18,IAD,0,57,2,2,28.5,38.94453,-77.45581,1,1,
18,JAX,0,36,1,1,36,30.49406,-81.68786,1,1,
18,LAS,0,215,2,2,107.5,36.08036,-115.15233,1,1,
18,LAX,0,210,3,3,70,33.94254,-118.40807,1,1,
18,LIT,0,15,1,1,15,34.7294,-92.22425,1,1,
18,MCO,0,175,5,5,35,28.42889,-81.31603,1,1,
18,MIA,0,202,8,8,25.25,25.79325,-80.29056,1,1,
18,MSY,0,52,2,2,26,29.99339,-90.25803,1,1,
18,MYR,1,,1,0,0,33.67975,-78.92833,1,1,
18,OAK,0,16,1,1,16,37.72129,-122.22072,1,1,
18,ORD,1,153,5,4,30.6,41.9796,-87.90446,1,1,
18,PBI,1,247,5,4,49.4,26.68316,-80.09559,1,1,
18,PHL,0,35,1,1,35,39.87195,-75.24114,1,1,
18,PIT,0,194,1,1,194,40.49147,-80.23287,1,1,
18,RDU,0,251,5,5,50.2,35.87764,-78.78747,1,1,
18,ROC,0,68,1,1,68,43.11887,-77.67238,1,1,
18,RSW,0,154,3,3,51.33333333,26.53617,-81.75517,1,1,
18,SEA,0,36,1,1,36,47.44898,-122.30931,1,1,
18,SFO,0,409,10,10,40.9,37.619,-122.37484,1,1,
18,SJC,0,16,1,1,16,37.36186,-121.92901,1,1,
18,SRQ,0,24,1,1,24,27.39533,-82.55411,1,1,
18,STL,0,51,1,1,51,38.74769,-90.35999,1,1,
18,TPA,0,110,3,3,36.66666667,27.97547,-82.53325,1,1,
19,ATL,0,32,2,2,16,33.64044,-84.42694,,,
19,BOS,0,133,5,5,26.6,42.36435,-71.00518,,,
19,BUR,0,15,1,1,15,34.20062,-118.3585,,,
19,BWI,0,68,1,1,68,39.1754,-76.6682,,,
19,CAK,0,90,1,1,90,40.91631,-81.44247,,,
19,CHO,0,42,1,1,42,38.13864,-78.45286,,,
19,CLE,0,23,1,1,23,41.41089,-81.8494,,,
19,CLT,0,18,1,1,18,35.21401,-80.94313,,,
19,CMH,0,56,1,1,56,39.99799,-82.89188,,,
19,CVG,0,140,1,1,140,39.04614,-84.66217,,,
19,DAL,0,23,1,1,23,32.84711,-96.85177,,,
19,DAY,0,32,1,1,32,39.90238,-84.21938,,,
19,DCA,1,126,5,4,25.2,38.85208,-77.03772,,,
19,DEN,0,124,1,1,124,39.85841,-104.667,,,
19,DFW,0,139,3,3,46.33333333,32.89595,-97.0372,,,
19,DTW,0,60,2,2,30,42.21206,-83.34884,,,
19,EGE,0,64,1,1,64,39.64257,-106.9177,,,
19,FLL,0,163,2,2,81.5,26.07258,-80.15275,,,
19,GSO,0,54,2,2,27,36.09775,-79.9373,,,
19,IAD,0,116,2,2,58,38.94453,-77.45581,,,
19,LAS,0,22,1,1,22,36.08036,-115.15233,,,
19,LAX,0,108,3,3,36,33.94254,-118.40807,,,
19,LGB,0,23,1,1,23,33.81772,-118.15161,,,
19,LIT,0,39,1,1,39,34.7294,-92.22425,,,
19,MCI,0,25,1,1,25,39.29761,-94.71391,,,
19,MCO,0,88,4,4,22,28.42889,-81.31603,,,
19,MDW,0,122,2,2,61,41.78598,-87.75242,,,
19,MHT,0,75,2,2,37.5,42.93452,-71.43706,,,
19,MIA,0,205,6,6,34.16666667,25.79325,-80.29056,,,
19,MSP,0,32,2,2,16,44.88055,-93.21692,,,
19,OAK,0,18,1,1,18,37.72129,-122.22072,,,
19,OMA,0,29,1,1,29,41.30252,-95.89417,,,
19,ORD,0,127,3,3,42.33333333,41.9796,-87.90446,,,
19,PBI,0,88,1,1,88,26.68316,-80.09559,,,
19,PDX,0,21,1,1,21,45.58872,-122.5975,,,
19,PHX,0,49,1,1,49,33.43417,-112.00806,,,
19,PIT,0,174,1,1,174,40.49147,-80.23287,,,
19,PWM,0,16,1,1,16,43.64617,-70.30875,,,
19,RDU,0,131,3,3,43.66666667,35.87764,-78.78747,,,
19,RIC,0,16,1,1,16,37.50517,-77.31967,,,
19,ROC,0,83,2,2,41.5,43.11887,-77.67238,,,
19,SAN,0,24,1,1,24,32.73356,-117.18966,,,
19,SAV,0,16,1,1,16,32.12758,-81.20214,,,
19,SDF,0,72,2,2,36,38.17439,-85.736,,,
19,SFO,1,91,3,2,30.33333333,37.619,-122.37484,,,
19,SLC,0,19,1,1,19,40.78839,-111.97777,,,
19,STL,0,118,3,3,39.33333333,38.74769,-90.35999,,,
19,TPA,0,17,1,1,17,27.97547,-82.53325,,,
19,XNA,0,82,1,1,82,36.28187,-94.30681,,,
20,BOS,1,,1,0,0,42.36435,-71.00518,,,
20,CLE,0,29,1,1,29,41.41089,-81.8494,,,
20,CMH,0,24,1,1,24,39.99799,-82.89188,,,
20,DAY,0,18,1,1,18,39.90238,-84.21938,,,
20,DCA,1,,1,0,0,38.85208,-77.03772,,,
20,DTW,0,36,1,1,36,42.21206,-83.34884,,,
20,FLL,0,77,3,3,25.66666667,26.07258,-80.15275,,,
20,GSO,0,18,1,1,18,36.09775,-79.9373,,,
20,IAD,0,22,1,1,22,38.94453,-77.45581,,,
20,LAX,0,60,3,3,20,33.94254,-118.40807,,,
20,LIT,0,45,1,1,45,34.7294,-92.22425,,,
20,MIA,0,193,2,2,96.5,25.79325,-80.29056,,,
20,MKE,1,,1,0,0,42.94722,-87.89658,,,
20,MSP,0,25,1,1,25,44.88055,-93.21692,,,
20,MYR,0,17,1,1,17,33.67975,-78.92833,,,
20,ORD,0,16,1,1,16,41.9796,-87.90446,,,
20,ORF,0,39,1,1,39,36.89461,-76.20122,,,
20,RDU,0,89,2,2,44.5,35.87764,-78.78747,,,
20,RIC,1,,1,0,0,37.50517,-77.31967,,,
20,SDF,0,38,1,1,38,38.17439,-85.736,,,
20,SFO,0,54,2,2,27,37.619,-122.37484,,,
20,STL,1,15,2,1,7.5,38.74769,-90.35999,,,
21,ATL,0,126,3,3,42,33.64044,-84.42694,,,
21,BHM,0,22,1,1,22,33.56294,-86.75355,,,
21,BNA,0,40,2,2,20,36.12448,-86.67818,,,
21,BOS,0,18,1,1,18,42.36435,-71.00518,,,
21,BUF,0,98,1,1,98,42.94052,-78.73217,,,
21,BWI,0,23,1,1,23,39.1754,-76.6682,,,
21,CAK,0,22,1,1,22,40.91631,-81.44247,,,
21,CHS,0,17,1,1,17,32.89865,-80.04051,,,
21,CLE,0,79,2,2,39.5,41.41089,-81.8494,,,
21,CMH,1,28,2,1,14,39.99799,-82.89188,,,
21,DAL,0,50,1,1,50,32.84711,-96.85177,,,
21,DAY,0,29,1,1,29,39.90238,-84.21938,,,
21,DCA,1,114,6,5,19,38.85208,-77.03772,,,
21,DEN,0,21,1,1,21,39.85841,-104.667,,,
21,DFW,1,163,3,2,54.33333333,32.89595,-97.0372,,,
21,DTW,0,15,1,1,15,42.21206,-83.34884,,,
21,FLL,0,16,1,1,16,26.07258,-80.15275,,,
21,IAD,0,50,2,2,25,38.94453,-77.45581,,,
21,IAH,0,49,3,3,16.33333333,29.98047,-95.33972,,,
21,IND,0,73,1,1,73,39.71733,-86.29438,,,
21,LAS,0,19,1,1,19,36.08036,-115.15233,,,
21,LAX,0,64,2,2,32,33.94254,-118.40807,,,
21,LIT,0,44,1,1,44,34.7294,-92.22425,,,
21,MCO,0,47,2,2,23.5,28.42889,-81.31603,,,
21,MHT,1,,1,0,0,42.93452,-71.43706,,,
21,MIA,0,160,4,4,40,25.79325,-80.29056,,,
21,MKE,1,,1,0,0,42.94722,-87.89658,,,
21,MYR,0,70,1,1,70,33.67975,-78.92833,,,
21,ORD,0,76,2,2,38,41.9796,-87.90446,,,
21,PHX,1,,1,0,0,33.43417,-112.00806,,,
21,RDU,1,170,5,4,34,35.87764,-78.78747,,,
21,RIC,0,116,1,1,116,37.50517,-77.31967,,,
21,SDF,0,95,2,2,47.5,38.17439,-85.736,,,
21,SFO,0,103,1,1,103,37.619,-122.37484,,,
21,STL,0,134,1,1,134,38.74769,-90.35999,,,
21,TYS,0,77,1,1,77,35.81249,-83.99286,,,
22,ATL,0,111,5,5,22.2,33.64044,-84.42694,,,
22,AUS,0,145,2,2,72.5,30.19453,-97.66987,,,
22,BHM,0,248,2,2,124,33.56294,-86.75355,,,
22,BNA,0,61,3,3,20.33333333,36.12448,-86.67818,,,
22,BOS,1,77,4,3,19.25,42.36435,-71.00518,,,
22,CAK,0,37,1,1,37,40.91631,-81.44247,,,
22,CHO,0,138,1,1,138,38.13864,-78.45286,,,
22,CLE,0,15,1,1,15,41.41089,-81.8494,,,
22,CLT,0,19,1,1,19,35.21401,-80.94313,,,
22,CMH,0,58,2,2,29,39.99799,-82.89188,,,
22,CVG,0,318,2,2,159,39.04614,-84.66217,,,
22,DAL,0,61,2,2,30.5,32.84711,-96.85177,,,
22,DAY,0,51,1,1,51,39.90238,-84.21938,,,
22,DCA,0,604,6,6,100.6666667,38.85208,-77.03772,,,
22,DFW,0,794,8,8,99.25,32.89595,-97.0372,,,
22,DTW,0,37,1,1,37,42.21206,-83.34884,,,
22,FLL,0,170,3,3,56.66666667,26.07258,-80.15275,,,
22,GSO,0,88,1,1,88,36.09775,-79.9373,,,
22,HOU,0,15,1,1,15,29.64542,-95.27889,,,
22,IAD,0,42,2,2,21,38.94453,-77.45581,,,
22,IAH,0,237,3,3,79,29.98047,-95.33972,,,
22,IND,1,,1,0,0,39.71733,-86.29438,,,
22,LAX,0,48,2,2,24,33.94254,-118.40807,,,
22,LIT,0,42,1,1,42,34.7294,-92.22425,,,
22,MCI,0,77,2,2,38.5,39.29761,-94.71391,,,
22,MCO,0,551,3,3,183.6666667,28.42889,-81.31603,,,
22,MDW,0,43,2,2,21.5,41.78598,-87.75242,,,
22,MHT,0,29,1,1,29,42.93452,-71.43706,,,
22,MIA,0,235,5,5,47,25.79325,-80.29056,,,
22,MKE,0,101,1,1,101,42.94722,-87.89658,,,
22,MSY,0,18,1,1,18,29.99339,-90.25803,,,
22,MYR,0,23,1,1,23,33.67975,-78.92833,,,
22,OMA,0,111,1,1,111,41.30252,-95.89417,,,
22,ORD,0,56,3,3,18.66666667,41.9796,-87.90446,,,
22,ORF,0,25,1,1,25,36.89461,-76.20122,,,
22,PBI,0,115,3,3,38.33333333,26.68316,-80.09559,,,
22,PIT,0,17,1,1,17,40.49147,-80.23287,,,
22,RDU,0,249,2,2,124.5,35.87764,-78.78747,,,
22,RIC,0,198,1,1,198,37.50517,-77.31967,,,
22,ROC,1,,1,0,0,43.11887,-77.67238,,,
22,RSW,0,19,1,1,19,26.53617,-81.75517,,,
22,SAV,1,,1,0,0,32.12758,-81.20214,,,
22,SDF,0,91,2,2,45.5,38.17439,-85.736,,,
22,SFO,0,138,1,1,138,37.619,-122.37484,,,
22,SJC,0,18,1,1,18,37.36186,-121.92901,,,
22,STL,0,234,3,3,78,38.74769,-90.35999,,,
23,ATL,0,122,4,4,30.5,33.64044,-84.42694,,,
23,BHM,0,57,1,1,57,33.56294,-86.75355,,,
23,BNA,0,269,4,4,67.25,36.12448,-86.67818,,,
23,BOS,0,139,5,5,27.8,42.36435,-71.00518,,,
23,BUF,0,79,2,2,39.5,42.94052,-78.73217,,,
23,CAE,0,24,1,1,24,33.93884,-81.11954,,,
23,CHO,0,77,1,1,77,38.13864,-78.45286,,,
23,CHS,0,19,1,1,19,32.89865,-80.04051,,,
23,CLE,0,24,1,1,24,41.41089,-81.8494,,,
23,CLT,0,224,4,4,56,35.21401,-80.94313,,,
23,DAL,0,114,1,1,114,32.84711,-96.85177,,,
23,DCA,3,87,7,4,12.42857143,38.85208,-77.03772,,,
23,DEN,0,15,1,1,15,39.85841,-104.667,,,
23,DFW,0,77,2,2,38.5,32.89595,-97.0372,,,
23,DTW,0,101,3,3,33.66666667,42.21206,-83.34884,,,
23,EGE,0,212,1,1,212,39.64257,-106.9177,,,
23,FLL,0,232,7,7,33.14285714,26.07258,-80.15275,,,
23,HOU,0,22,1,1,22,29.64542,-95.27889,,,
23,IAD,0,112,3,3,37.33333333,38.94453,-77.45581,,,
23,IAH,0,91,2,2,45.5,29.98047,-95.33972,,,
23,LAS,0,28,1,1,28,36.08036,-115.15233,,,
23,LIT,0,30,1,1,30,34.7294,-92.22425,,,
23,MCO,0,162,3,3,54,28.42889,-81.31603,,,
23,MHT,0,33,1,1,33,42.93452,-71.43706,,,
23,MIA,0,176,4,4,44,25.79325,-80.29056,,,
23,MSY,0,58,2,2,29,29.99339,-90.25803,,,
23,MYR,0,41,1,1,41,33.67975,-78.92833,,,
23,ORD,1,20,2,1,10,41.9796,-87.90446,,,
23,ORF,0,139,1,1,139,36.89461,-76.20122,,,
23,PBI,0,46,2,2,23,26.68316,-80.09559,,,
23,RDU,0,43,2,2,21.5,35.87764,-78.78747,,,
23,RIC,0,26,1,1,26,37.50517,-77.31967,,,
23,SDF,0,46,2,2,23,38.17439,-85.736,,,
23,SEA,0,26,1,1,26,47.44898,-122.30931,,,
23,SFO,0,149,2,2,74.5,37.619,-122.37484,,,
23,STL,0,298,4,4,74.5,38.74769,-90.35999,,,
23,TPA,0,108,3,3,36,27.97547,-82.53325,,,
23,TYS,0,18,1,1,18,35.81249,-83.99286,,,
23,XNA,0,16,1,1,16,36.28187,-94.30681,,,
24,ATL,3,238,9,6,26.44444444,33.64044,-84.42694,1,1,1
24,BNA,1,,1,0,0,36.12448,-86.67818,1,1,1
24,BOS,2,654,14,12,46.71428571,42.36435,-71.00518,1,1,1
24,BTV,0,20,1,1,20,44.473,-73.15031,1,1,1
24,BUF,1,113,5,4,22.6,42.94052,-78.73217,1,1,1
24,CHO,0,37,1,1,37,38.13864,-78.45286,1,1,1
24,CHS,0,64,1,1,64,32.89865,-80.04051,1,1,1
24,CLE,0,94,2,2,47,41.41089,-81.8494,1,1,1
24,CLT,0,581,9,9,64.55555556,35.21401,-80.94313,1,1,1
24,CMH,0,25,1,1,25,39.99799,-82.89188,1,1,1
24,DAL,2,,2,0,0,32.84711,-96.85177,1,1,1
24,DCA,1,79,3,2,26.33333333,38.85208,-77.03772,1,1,1
24,DEN,1,59,2,1,29.5,39.85841,-104.667,1,1,1
24,DFW,0,243,5,5,48.6,32.89595,-97.0372,1,1,1
24,DTW,1,81,4,3,20.25,42.21206,-83.34884,1,1,1
24,FLL,2,954,22,20,43.36363636,26.07258,-80.15275,1,1,1
24,GSO,0,66,2,2,33,36.09775,-79.9373,1,1,1
24,HNL,0,190,1,1,190,21.31869,-157.92241,1,1,1
24,IAD,1,26,2,1,13,38.94453,-77.45581,1,1,1
24,IAH,0,30,1,1,30,29.98047,-95.33972,1,1,1
24,JAX,0,99,2,2,49.5,30.49406,-81.68786,1,1,1
24,LAS,0,195,1,1,195,36.08036,-115.15233,1,1,1
24,LAX,0,430,6,6,71.66666667,33.94254,-118.40807,1,1,1
24,MCI,0,93,1,1,93,39.29761,-94.71391,1,1,1
24,MCO,1,981,17,16,57.70588235,28.42889,-81.31603,1,1,1
24,MDW,1,,1,0,0,41.78598,-87.75242,1,1,1
24,MIA,0,756,18,18,42,25.79325,-80.29056,1,1,1
24,MKE,1,,1,0,0,42.94722,-87.89658,1,1,1
24,MSP,0,133,3,3,44.33333333,44.88055,-93.21692,1,1,1
24,MSY,0,82,2,2,41,29.99339,-90.25803,1,1,1
24,ORD,1,155,4,3,38.75,41.9796,-87.90446,1,1,1
24,PBI,1,804,12,11,67,26.68316,-80.09559,1,1,1
24,PHX,0,139,3,3,46.33333333,33.43417,-112.00806,1,1,1
24,PWM,0,25,1,1,25,43.64617,-70.30875,1,1,1
24,RDU,1,212,6,5,35.33333333,35.87764,-78.78747,1,1,1
24,RIC,0,124,1,1,124,37.50517,-77.31967,1,1,1
24,ROC,1,60,3,2,20,43.11887,-77.67238,1,1,1
24,RSW,0,82,2,2,41,26.53617,-81.75517,1,1,1
24,SAV,1,105,2,1,52.5,32.12758,-81.20214,1,1,1
24,SEA,0,37,1,1,37,47.44898,-122.30931,1,1,1
24,SFO,0,102,3,3,34,37.619,-122.37484,1,1,1
24,SLC,0,16,1,1,16,40.78839,-111.97777,1,1,1
24,SRQ,0,145,2,2,72.5,27.39533,-82.55411,1,1,1
24,STL,2,,2,0,0,38.74769,-90.35999,1,1,1
24,SYR,0,56,1,1,56,43.11119,-76.10631,1,1,1
24,TPA,1,351,7,6,50.14285714,27.97547,-82.53325,1,1,1
25,ATL,0,63,4,4,15.75,33.64044,-84.42694,,,
25,BHM,0,15,1,1,15,33.56294,-86.75355,,,
25,BNA,0,123,2,2,61.5,36.12448,-86.67818,,,
25,BOS,0,17,1,1,17,42.36435,-71.00518,,,
25,CAE,0,17,1,1,17,33.93884,-81.11954,,,
25,CLE,0,50,2,2,25,41.41089,-81.8494,,,
25,CMH,1,,1,0,0,39.99799,-82.89188,,,
25,DAY,0,17,1,1,17,39.90238,-84.21938,,,
25,DCA,0,97,3,3,32.33333333,38.85208,-77.03772,,,
25,DEN,0,45,1,1,45,39.85841,-104.667,,,
25,DTW,0,100,1,1,100,42.21206,-83.34884,,,
25,FLL,0,238,3,3,79.33333333,26.07258,-80.15275,,,
25,GSO,1,,1,0,0,36.09775,-79.9373,,,
25,HOU,0,61,1,1,61,29.64542,-95.27889,,,
25,IAD,0,217,3,3,72.33333333,38.94453,-77.45581,,,
25,IAH,1,,1,0,0,29.98047,-95.33972,,,
25,LAS,0,47,1,1,47,36.08036,-115.15233,,,
25,LAX,0,113,2,2,56.5,33.94254,-118.40807,,,
25,LGB,0,60,1,1,60,33.81772,-118.15161,,,
25,LIT,0,42,1,1,42,34.7294,-92.22425,,,
25,MCO,0,36,2,2,18,28.42889,-81.31603,,,
25,MDW,0,15,1,1,15,41.78598,-87.75242,,,
25,MIA,0,25,1,1,25,25.79325,-80.29056,,,
25,ORD,0,44,2,2,22,41.9796,-87.90446,,,
25,ORF,0,28,1,1,28,36.89461,-76.20122,,,
25,PBI,0,36,2,2,18,26.68316,-80.09559,,,
25,PDX,0,15,1,1,15,45.58872,-122.5975,,,
25,PIT,0,30,1,1,30,40.49147,-80.23287,,,
25,SDF,0,24,1,1,24,38.17439,-85.736,,,
25,SFO,0,17,1,1,17,37.619,-122.37484,,,
26,ABQ,1,,1,0,0,35.04022,-106.60919,,1,1
26,ATL,10,475,20,10,23.75,33.64044,-84.42694,,1,1
26,AUS,1,,1,0,0,30.19453,-97.66987,,1,1
26,BHM,2,,2,0,0,33.56294,-86.75355,,1,1
26,BNA,7,152,10,3,15.2,36.12448,-86.67818,,1,1
26,BOS,22,620,36,14,17.22222222,42.36435,-71.00518,,1,1
26,BTV,2,28,3,1,9.333333333,44.473,-73.15031,,1,1
26,BUF,3,230,6,3,38.33333333,42.94052,-78.73217,,1,1
26,BUR,0,41,1,1,41,34.20062,-118.3585,,1,1
26,BWI,1,,1,0,0,39.1754,-76.6682,,1,1
26,CAE,2,,2,0,0,33.93884,-81.11954,,1,1
26,CAK,2,,2,0,0,40.91631,-81.44247,,1,1
26,CHO,2,,2,0,0,38.13864,-78.45286,,1,1
26,CHS,1,24,2,1,12,32.89865,-80.04051,,1,1
26,CLE,6,136,10,4,13.6,41.41089,-81.8494,,1,1
26,CLT,4,288,9,5,32,35.21401,-80.94313,,1,1
26,CMH,4,382,8,4,47.75,39.99799,-82.89188,,1,1
26,CVG,2,,2,0,0,39.04614,-84.66217,,1,1
26,DAL,4,18,5,1,3.6,32.84711,-96.85177,,1,1
26,DAY,2,,2,0,0,39.90238,-84.21938,,1,1
26,DCA,12,294,17,5,17.29411765,38.85208,-77.03772,,1,1
26,DEN,6,28,7,1,4,39.85841,-104.667,,1,1
26,DFW,6,47,7,1,6.714285714,32.89595,-97.0372,,1,1
26,DTW,7,264,13,6,20.30769231,42.21206,-83.34884,,1,1
26,EGE,1,,1,0,0,39.64257,-106.9177,,1,1
26,FLL,10,1036,26,16,39.84615385,26.07258,-80.15275,,1,1
26,GSO,6,,6,0,0,36.09775,-79.9373,,1,1
26,HOU,1,110,3,2,36.66666667,29.64542,-95.27889,,1,1
26,IAD,3,125,5,2,25,38.94453,-77.45581,,1,1
26,IAH,4,,4,0,0,29.98047,-95.33972,,1,1
26,IND,1,,1,0,0,39.71733,-86.29438,,1,1
26,JAX,0,126,1,1,126,30.49406,-81.68786,,1,1
26,LAS,4,243,7,3,34.71428571,36.08036,-115.15233,,1,1
26,LAX,9,684,19,10,36,33.94254,-118.40807,,1,1
26,LGB,1,87,2,1,43.5,33.81772,-118.15161,,1,1
26,LIT,1,,1,0,0,34.7294,-92.22425,,1,1
26,MCI,3,,3,0,0,39.29761,-94.71391,,1,1
26,MCO,7,504,21,14,24,28.42889,-81.31603,,1,1
26,MDW,4,,4,0,0,41.78598,-87.75242,,1,1
26,MHT,2,,2,0,0,42.93452,-71.43706,,1,1
26,MIA,9,743,27,18,27.51851852,25.79325,-80.29056,,1,1
26,MKE,2,15,3,1,5,42.94722,-87.89658,,1,1
26,MSP,2,152,5,3,30.4,44.88055,-93.21692,,1,1
26,MSY,1,73,2,1,36.5,29.99339,-90.25803,,1,1
26,MYR,1,125,2,1,62.5,33.67975,-78.92833,,1,1
26,OMA,1,,1,0,0,41.30252,-95.89417,,1,1
26,ORD,14,541,24,10,22.54166667,41.9796,-87.90446,,1,1
26,ORF,4,,4,0,0,36.89461,-76.20122,,1,1
26,PBI,7,535,14,7,38.21428571,26.68316,-80.09559,,1,1
26,PDX,1,150,2,1,75,45.58872,-122.5975,,1,1
26,PHX,1,167,2,1,83.5,33.43417,-112.00806,,1,1
26,PIT,1,,1,0,0,40.49147,-80.23287,,1,1
26,PWM,1,188,3,2,62.66666667,43.64617,-70.30875,,1,1
26,RDU,7,657,13,6,50.53846154,35.87764,-78.78747,,1,1
26,RIC,3,,3,0,0,37.50517,-77.31967,,1,1
26,ROC,2,426,4,2,106.5,43.11887,-77.67238,,1,1
26,RSW,1,134,4,3,33.5,26.53617,-81.75517,,1,1
26,SAN,2,114,4,2,28.5,32.73356,-117.18966,,1,1
26,SAV,0,139,2,2,69.5,32.12758,-81.20214,,1,1
26,SDF,2,90,3,1,30,38.17439,-85.736,,1,1
26,SEA,2,236,5,3,47.2,47.44898,-122.30931,,1,1
26,SFO,6,429,14,8,30.64285714,37.619,-122.37484,,1,1
26,SJC,1,,1,0,0,37.36186,-121.92901,,1,1
26,SLC,2,154,4,2,38.5,40.78839,-111.97777,,1,1
26,SMF,1,,1,0,0,38.69542,-121.59077,,1,1
26,SRQ,0,53,1,1,53,27.39533,-82.55411,,1,1
26,STL,5,146,8,3,18.25,38.74769,-90.35999,,1,1
26,SYR,1,74,3,2,24.66666667,43.11119,-76.10631,,1,1
26,TPA,5,175,11,6,15.90909091,27.97547,-82.53325,,1,1
26,TYS,0,124,1,1,124,35.81249,-83.99286,,1,1
26,XNA,1,,1,0,0,36.28187,-94.30681,,1,1
27,ATL,31,,31,0,0,33.64044,-84.42694,,1,1
27,AUS,4,,4,0,0,30.19453,-97.66987,,1,1
27,BHM,2,,2,0,0,33.56294,-86.75355,,1,1
27,BNA,10,,10,0,0,36.12448,-86.67818,,1,1
27,BOS,48,,48,0,0,42.36435,-71.00518,,1,1
27,BTV,3,,3,0,0,44.473,-73.15031,,1,1
27,BUF,6,,6,0,0,42.94052,-78.73217,,1,1
27,BUR,1,,1,0,0,34.20062,-118.3585,,1,1
27,BWI,1,,1,0,0,39.1754,-76.6682,,1,1
27,CAE,2,,2,0,0,33.93884,-81.11954,,1,1
27,CAK,2,,2,0,0,40.91631,-81.44247,,1,1
27,CHO,2,,2,0,0,38.13864,-78.45286,,1,1
27,CHS,3,,3,0,0,32.89865,-80.04051,,1,1
27,CLE,12,,12,0,0,41.41089,-81.8494,,1,1
27,CLT,16,,16,0,0,35.21401,-80.94313,,1,1
27,CMH,8,,8,0,0,39.99799,-82.89188,,1,1
27,CVG,2,,2,0,0,39.04614,-84.66217,,1,1
27,DAL,9,,9,0,0,32.84711,-96.85177,,1,1
27,DAY,2,,2,0,0,39.90238,-84.21938,,1,1
27,DCA,22,,22,0,0,38.85208,-77.03772,,1,1
27,DEN,8,,8,0,0,39.85841,-104.667,,1,1
27,DFW,14,,14,0,0,32.89595,-97.0372,,1,1
27,DTW,17,,17,0,0,42.21206,-83.34884,,1,1
27,EGE,1,,1,0,0,39.64257,-106.9177,,1,1
27,FLL,25,,25,0,0,26.07258,-80.15275,,1,1
27,GSO,6,,6,0,0,36.09775,-79.9373,,1,1
27,HOU,4,,4,0,0,29.64542,-95.27889,,1,1
27,IAD,7,,7,0,0,38.94453,-77.45581,,1,1
27,IAH,8,,8,0,0,29.98047,-95.33972,,1,1
27,IND,1,,1,0,0,39.71733,-86.29438,,1,1
27,JAX,2,,2,0,0,30.49406,-81.68786,,1,1
27,LAS,10,,10,0,0,36.08036,-115.15233,,1,1
27,LAX,37,,37,0,0,33.94254,-118.40807,,1,1
27,LGB,1,,1,0,0,33.81772,-118.15161,,1,1
27,LIT,1,,1,0,0,34.7294,-92.22425,,1,1
27,MCI,2,,2,0,0,39.29761,-94.71391,,1,1
27,MCO,23,,23,0,0,28.42889,-81.31603,,1,1
27,MDW,7,,7,0,0,41.78598,-87.75242,,1,1
27,MHT,2,,2,0,0,42.93452,-71.43706,,1,1
27,MIA,30,,30,0,0,25.79325,-80.29056,,1,1
27,MKE,3,,3,0,0,42.94722,-87.89658,,1,1
27,MSP,8,,8,0,0,44.88055,-93.21692,,1,1
27,MSY,5,,5,0,0,29.99339,-90.25803,,1,1
27,MYR,1,,1,0,0,33.67975,-78.92833,,1,1
27,OMA,1,,1,0,0,41.30252,-95.89417,,1,1
27,ORD,34,,34,0,0,41.9796,-87.90446,,1,1
27,ORF,4,,4,0,0,36.89461,-76.20122,,1,1
27,PBI,16,,16,0,0,26.68316,-80.09559,,1,1
27,PDX,1,,1,0,0,45.58872,-122.5975,,1,1
27,PHX,4,,4,0,0,33.43417,-112.00806,,1,1
27,PIT,2,,2,0,0,40.49147,-80.23287,,1,1
27,PWM,3,,3,0,0,43.64617,-70.30875,,1,1
27,RDU,15,,15,0,0,35.87764,-78.78747,,1,1
27,RIC,3,,3,0,0,37.50517,-77.31967,,1,1
27,ROC,3,,3,0,0,43.11887,-77.67238,,1,1
27,RSW,6,,6,0,0,26.53617,-81.75517,,1,1
27,SAN,3,,3,0,0,32.73356,-117.18966,,1,1
27,SAV,2,,2,0,0,32.12758,-81.20214,,1,1
27,SDF,3,,3,0,0,38.17439,-85.736,,1,1
27,SEA,5,,5,0,0,47.44898,-122.30931,,1,1
27,SFO,23,,23,0,0,37.619,-122.37484,,1,1
27,SLC,5,,5,0,0,40.78839,-111.97777,,1,1
27,SRQ,2,,2,0,0,27.39533,-82.55411,,1,1
27,STL,8,,8,0,0,38.74769,-90.35999,,1,1
27,SYR,3,,3,0,0,43.11119,-76.10631,,1,1
27,TPA,13,,13,0,0,27.97547,-82.53325,,1,1
27,TYS,1,,1,0,0,35.81249,-83.99286,,1,1
27,XNA,2,,2,0,0,36.28187,-94.30681,,1,1
28,ATL,6,59,8,2,7.375,33.64044,-84.42694,,,
28,BHM,0,33,1,1,33,33.56294,-86.75355,,,
28,BNA,2,,2,0,0,36.12448,-86.67818,,,
28,BOS,21,604,37,16,16.32432432,42.36435,-71.00518,,,
28,BTV,1,,1,0,0,44.473,-73.15031,,,
28,BUF,1,25,2,1,12.5,42.94052,-78.73217,,,
28,BUR,0,26,1,1,26,34.20062,-118.3585,,,
28,CLE,2,105,3,1,35,41.41089,-81.8494,,,
28,CLT,6,,6,0,0,35.21401,-80.94313,,,
28,CMH,4,150,6,2,25,39.99799,-82.89188,,,
28,DAL,3,,3,0,0,32.84711,-96.85177,,,
28,DAY,1,,1,0,0,39.90238,-84.21938,,,
28,DCA,6,253,11,5,23,38.85208,-77.03772,,,
28,DEN,1,26,2,1,13,39.85841,-104.667,,,
28,DFW,5,,5,0,0,32.89595,-97.0372,,,
28,DTW,5,22,6,1,3.666666667,42.21206,-83.34884,,,
28,EGE,0,31,1,1,31,39.64257,-106.9177,,,
28,FLL,5,106,9,4,11.77777778,26.07258,-80.15275,,,
28,GSO,2,85,4,2,21.25,36.09775,-79.9373,,,
28,HOU,1,,1,0,0,29.64542,-95.27889,,,
28,IAD,1,,1,0,0,38.94453,-77.45581,,,
28,IAH,2,,2,0,0,29.98047,-95.33972,,,
28,LAS,2,45,3,1,15,36.08036,-115.15233,,,
28,LAX,13,461,17,4,27.11764706,33.94254,-118.40807,,,
28,MCI,0,182,1,1,182,39.29761,-94.71391,,,
28,MCO,6,,6,0,0,28.42889,-81.31603,,,
28,MDW,1,,1,0,0,41.78598,-87.75242,,,
28,MHT,1,,1,0,0,42.93452,-71.43706,,,
28,MIA,11,88,14,3,6.285714286,25.79325,-80.29056,,,
28,MKE,1,,1,0,0,42.94722,-87.89658,,,
28,MSP,1,27,2,1,13.5,44.88055,-93.21692,,,
28,MSY,2,,2,0,0,29.99339,-90.25803,,,
28,ORD,9,265,11,2,24.09090909,41.9796,-87.90446,,,
28,ORF,1,103,2,1,51.5,36.89461,-76.20122,,,
28,PBI,1,32,2,1,16,26.68316,-80.09559,,,
28,PHX,2,,2,0,0,33.43417,-112.00806,,,
28,PWM,1,,1,0,0,43.64617,-70.30875,,,
28,RDU,7,,7,0,0,35.87764,-78.78747,,,
28,RIC,0,141,1,1,141,37.50517,-77.31967,,,
28,ROC,1,,1,0,0,43.11887,-77.67238,,,
28,RSW,1,,1,0,0,26.53617,-81.75517,,,
28,SAN,1,,1,0,0,32.73356,-117.18966,,,
28,SAV,1,,1,0,0,32.12758,-81.20214,,,
28,SDF,1,,1,0,0,38.17439,-85.736,,,
28,SEA,0,22,1,1,22,47.44898,-122.30931,,,
28,SFO,7,,7,0,0,37.619,-122.37484,,,
28,SLC,1,52,3,2,17.33333333,40.78839,-111.97777,,,
28,STL,3,34,4,1,8.5,38.74769,-90.35999,,,
28,TPA,2,23,3,1,7.666666667,27.97547,-82.53325,,,
28,TYS,1,,1,0,0,35.81249,-83.99286,,,
28,XNA,1,,1,0,0,36.28187,-94.30681,,,
29,ATL,1,327,5,4,65.4,33.64044,-84.42694,,,1
29,BNA,0,46,2,2,23,36.12448,-86.67818,,,1
29,BOS,1,408,13,12,31.38461538,42.36435,-71.00518,,,1
29,CAE,0,19,1,1,19,33.93884,-81.11954,,,1
29,CHO,1,,1,0,0,38.13864,-78.45286,,,1
29,CHS,0,81,1,1,81,32.89865,-80.04051,,,1
29,CMH,2,33,3,1,11,39.99799,-82.89188,,,1
29,CVG,0,43,1,1,43,39.04614,-84.66217,,,1
29,DCA,0,116,5,5,23.2,38.85208,-77.03772,,,1
29,DEN,0,207,4,4,51.75,39.85841,-104.667,,,1
29,DFW,1,,1,0,0,32.89595,-97.0372,,,1
29,DTW,1,110,3,2,36.66666667,42.21206,-83.34884,,,1
29,FLL,0,123,5,5,24.6,26.07258,-80.15275,,,1
29,GSO,0,98,2,2,49,36.09775,-79.9373,,,1
29,HNL,0,17,1,1,17,21.31869,-157.92241,,,1
29,IAD,0,31,2,2,15.5,38.94453,-77.45581,,,1
29,IAH,0,41,1,1,41,29.98047,-95.33972,,,1
29,LAS,0,31,1,1,31,36.08036,-115.15233,,,1
29,LAX,0,41,2,2,20.5,33.94254,-118.40807,,,1
29,MCO,0,92,2,2,46,28.42889,-81.31603,,,1
29,MDW,0,20,1,1,20,41.78598,-87.75242,,,1
29,MHT,0,58,1,1,58,42.93452,-71.43706,,,1
29,MIA,0,67,4,4,16.75,25.79325,-80.29056,,,1
29,MKE,0,23,1,1,23,42.94722,-87.89658,,,1
29,MSP,0,190,1,1,190,44.88055,-93.21692,,,1
29,OMA,0,,1,1,0,41.30252,-95.89417,,,1
29,ORD,0,170,6,6,28.33333333,41.9796,-87.90446,,,1
29,PBI,0,16,1,1,16,26.68316,-80.09559,,,1
29,RDU,0,262,3,3,87.33333333,35.87764,-78.78747,,,1
29,RIC,0,22,1,1,22,37.50517,-77.31967,,,1
29,SAN,0,64,3,3,21.33333333,32.73356,-117.18966,,,1
29,SDF,0,55,1,1,55,38.17439,-85.736,,,1
29,SFO,0,64,1,1,64,37.619,-122.37484,,,1
29,STL,1,19,2,1,9.5,38.74769,-90.35999,,,1
29,SYR,0,23,1,1,23,43.11119,-76.10631,,,1
29,TPA,0,16,1,1,16,27.97547,-82.53325,,,1
30,ATL,1,632,14,13,45.14285714,33.64044,-84.42694,,,1
30,AUS,0,45,1,1,45,30.19453,-97.66987,,,1
30,BHM,0,118,2,2,59,33.56294,-86.75355,,,1
30,BNA,0,488,5,5,97.6,36.12448,-86.67818,,,1
30,BOS,4,1293,35,31,36.94285714,42.36435,-71.00518,,,1
30,BTV,0,44,2,2,22,44.473,-73.15031,,,1
30,BUF,0,127,3,3,42.33333333,42.94052,-78.73217,,,1
30,CAE,0,92,2,2,46,33.93884,-81.11954,,,1
30,CAK,0,35,1,1,35,40.91631,-81.44247,,,1
30,CHO,0,160,2,2,80,38.13864,-78.45286,,,1
30,CHS,0,48,1,1,48,32.89865,-80.04051,,,1
30,CLE,0,307,6,6,51.16666667,41.41089,-81.8494,,,1
30,CLT,0,182,5,5,36.4,35.21401,-80.94313,,,1
30,CMH,1,548,6,5,91.33333333,39.99799,-82.89188,,,1
30,CVG,0,48,1,1,48,39.04614,-84.66217,,,1
30,DAL,1,26,2,1,13,32.84711,-96.85177,,,1
30,DAY,0,114,2,2,57,39.90238,-84.21938,,,1
30,DCA,4,333,13,9,25.61538462,38.85208,-77.03772,,,1
30,DEN,0,314,5,5,62.8,39.85841,-104.667,,,1
30,DFW,0,92,3,3,30.66666667,32.89595,-97.0372,,,1
30,DTW,0,602,12,12,50.16666667,42.21206,-83.34884,,,1
30,EGE,0,,1,1,0,39.64257,-106.9177,,,1
30,FLL,0,813,15,15,54.2,26.07258,-80.15275,,,1
30,GSO,0,337,6,6,56.16666667,36.09775,-79.9373,,,1
30,HNL,0,30,1,1,30,21.31869,-157.92241,,,1
30,HOU,0,23,1,1,23,29.64542,-95.27889,,,1
30,IAD,0,216,4,4,54,38.94453,-77.45581,,,1
30,IAH,0,251,3,3,83.66666667,29.98047,-95.33972,,,1
30,LAS,0,303,7,7,43.28571429,36.08036,-115.15233,,,1
30,LAX,0,225,7,7,32.14285714,33.94254,-118.40807,,,1
30,LIT,0,161,1,1,161,34.7294,-92.22425,,,1
30,MCI,0,168,3,3,56,39.29761,-94.71391,,,1
30,MCO,0,745,16,16,46.5625,28.42889,-81.31603,,,1
30,MDW,0,61,2,2,30.5,41.78598,-87.75242,,,1
30,MHT,0,160,2,2,80,42.93452,-71.43706,,,1
30,MIA,0,746,13,13,57.38461538,25.79325,-80.29056,,,1
30,MKE,0,15,1,1,15,42.94722,-87.89658,,,1
30,MSP,0,124,4,4,31,44.88055,-93.21692,,,1
30,MSY,0,28,1,1,28,29.99339,-90.25803,,,1
30,MYR,0,127,2,2,63.5,33.67975,-78.92833,,,1
30,ORD,0,340,7,7,48.57142857,41.9796,-87.90446,,,1
30,ORF,0,171,3,3,57,36.89461,-76.20122,,,1
30,PBI,0,391,8,8,48.875,26.68316,-80.09559,,,1
30,PDX,0,27,1,1,27,45.58872,-122.5975,,,1
30,PHX,0,550,6,6,91.66666667,33.43417,-112.00806,,,1
30,PIT,0,97,1,1,97,40.49147,-80.23287,,,1
30,PWM,0,20,1,1,20,43.64617,-70.30875,,,1
30,RDU,0,732,11,11,66.54545455,35.87764,-78.78747,,,1
30,RIC,0,267,3,3,89,37.50517,-77.31967,,,1
30,ROC,0,48,2,2,24,43.11887,-77.67238,,,1
30,RSW,0,15,1,1,15,26.53617,-81.75517,,,1
30,SAN,0,56,1,1,56,32.73356,-117.18966,,,1
30,SAV,0,93,2,2,46.5,32.12758,-81.20214,,,1
30,SDF,0,145,3,3,48.33333333,38.17439,-85.736,,,1
30,SEA,0,227,3,3,75.66666667,47.44898,-122.30931,,,1
30,SFO,0,286,7,7,40.85714286,37.619,-122.37484,,,1
30,SLC,0,242,3,3,80.66666667,40.78839,-111.97777,,,1
30,SRQ,0,59,1,1,59,27.39533,-82.55411,,,1
30,STL,1,356,5,4,71.2,38.74769,-90.35999,,,1
30,SYR,0,37,2,2,18.5,43.11119,-76.10631,,,1
30,TPA,0,550,10,10,55,27.97547,-82.53325,,,1
30,TYS,0,62,1,1,62,35.81249,-83.99286,,,1
30,XNA,0,23,1,1,23,36.28187,-94.30681,,,1
31,BNA,0,57,1,1,57,36.12448,-86.67818,,,
31,BOS,0,95,3,3,31.66666667,42.36435,-71.00518,,,
31,BUF,0,56,2,2,28,42.94052,-78.73217,,,
31,FLL,0,102,2,2,51,26.07258,-80.15275,,,
31,HNL,0,1013,1,1,1013,21.31869,-157.92241,,,
31,LAX,0,342,4,4,85.5,33.94254,-118.40807,,,
31,MCO,0,53,1,1,53,28.42889,-81.31603,,,
31,MDW,1,,1,0,0,41.78598,-87.75242,,,
31,MIA,0,164,3,3,54.66666667,25.79325,-80.29056,,,
31,MSP,0,100,1,1,100,44.88055,-93.21692,,,
31,ORD,1,51,3,2,17,41.9796,-87.90446,,,
31,PBI,1,70,3,2,23.33333333,26.68316,-80.09559,,,
31,PDX,0,23,1,1,23,45.58872,-122.5975,,,
31,PHX,0,57,1,1,57,33.43417,-112.00806,,,
31,PWM,0,28,1,1,28,43.64617,-70.30875,,,
31,RIC,0,129,1,1,129,37.50517,-77.31967,,,
31,SEA,0,278,3,3,92.66666667,47.44898,-122.30931,,,
31,SFO,0,17,1,1,17,37.619,-122.37484,,,
31,SYR,0,30,1,1,30,43.11119,-76.10631,,,
31,TPA,0,145,2,2,72.5,27.97547,-82.53325,,,
